Sample,Date,Time,Date Time,C_ppm,Flush,Notes,Day
CO2 FREE,11/1/2022,7:10 PM,11/01/22 19:10,60,0,,0
2008,11/1/2022,7:10 PM,11/01/22 19:10,2008,0,,
2%,11/1/2022,7:10 PM,11/01/22 19:10,16078,0,,
1A,11/1/2022,7:10 PM,11/01/22 19:10,756,0,,
1B,11/1/2022,7:10 PM,11/01/22 19:10,759,0,,
1C,11/1/2022,7:10 PM,11/01/22 19:10,726,0,,
2A,11/1/2022,7:10 PM,11/01/22 19:10,712,0,,
2B,11/1/2022,7:10 PM,11/01/22 19:10,733,0,,
2C,11/1/2022,7:10 PM,11/01/22 19:10,694,0,,
3A,11/1/2022,7:10 PM,11/01/22 19:10,720,0,,
3B,11/1/2022,7:10 PM,11/01/22 19:10,645,0,,
3C,11/1/2022,7:10 PM,11/01/22 19:10,690,0,,
4A,11/1/2022,7:10 PM,11/01/22 19:10,682,0,,
4B,11/1/2022,7:10 PM,11/01/22 19:10,698,0,,
4C,11/1/2022,7:10 PM,11/01/22 19:10,667,0,,
5A,11/1/2022,7:10 PM,11/01/22 19:10,698,0,,
5B,11/1/2022,7:10 PM,11/01/22 19:10,697,0,,
5C,11/1/2022,7:10 PM,11/01/22 19:10,706,0,,
6A,11/1/2022,7:10 PM,11/01/22 19:10,633,0,,
6B,11/1/2022,7:10 PM,11/01/22 19:10,652,0,,
6C,11/1/2022,7:10 PM,11/01/22 19:10,651,0,,
7A,11/1/2022,7:10 PM,11/01/22 19:10,663,0,,
7B,11/1/2022,7:10 PM,11/01/22 19:10,979,0,,
7C,11/1/2022,7:10 PM,11/01/22 19:10,1027,0,,
8A,11/1/2022,7:10 PM,11/01/22 19:10,1086,0,,
8B,11/1/2022,7:10 PM,11/01/22 19:10,1042,0,,
8C,11/1/2022,7:10 PM,11/01/22 19:10,1014,0,,
9A,11/1/2022,7:10 PM,11/01/22 19:10,829,0,,
9B,11/1/2022,7:10 PM,11/01/22 19:10,775,0,,
9C,11/1/2022,7:10 PM,11/01/22 19:10,762,0,,
CO2 FREE,11/1/2022,7:10 PM,11/01/22 19:10,29,0,,
2008,11/1/2022,7:10 PM,11/01/22 19:10,1881,0,,
2%,11/1/2022,7:10 PM,11/01/22 19:10,15991,0,,
CO2 FREE,11/2/2022,9:30 AM,11/02/22 09:30,131,0,,1
2008,11/2/2022,9:30 AM,11/02/22 09:30,1881,0,,
2%,11/2/2022,9:30 AM,11/02/22 09:30,15710,0,,
1A,11/2/2022,9:30 AM,11/02/22 09:30,19770,0,,
1B,11/2/2022,9:30 AM,11/02/22 09:30,21250,0,,
1C,11/2/2022,9:30 AM,11/02/22 09:30,19868,0,,
2A,11/2/2022,9:30 AM,11/02/22 09:30,19089,0,,
2B,11/2/2022,9:30 AM,11/02/22 09:30,20991,0,,
2C,11/2/2022,9:30 AM,11/02/22 09:30,20814,0,,
3A,11/2/2022,9:30 AM,11/02/22 09:30,13526,0,,
3B,11/2/2022,9:30 AM,11/02/22 09:30,10883,0,,
3C,11/2/2022,9:30 AM,11/02/22 09:30,12089,0,,
4A,11/2/2022,9:30 AM,11/02/22 09:30,12621,0,,
4B,11/2/2022,9:30 AM,11/02/22 09:30,10829,0,,
4C,11/2/2022,9:30 AM,11/02/22 09:30,11039,0,,
5A,11/2/2022,9:30 AM,11/02/22 09:30,16867,0,,
5B,11/2/2022,9:30 AM,11/02/22 09:30,17147,0,,
5C,11/2/2022,9:30 AM,11/02/22 09:30,17422,0,,
6A,11/2/2022,9:30 AM,11/02/22 09:30,11360,0,,
6B,11/2/2022,9:30 AM,11/02/22 09:30,12506,0,,
6C,11/2/2022,9:30 AM,11/02/22 09:30,13208,0,,
7A,11/2/2022,9:30 AM,11/02/22 09:30,11312,0,,
7B,11/2/2022,9:30 AM,11/02/22 09:30,11271,0,,
7C,11/2/2022,9:30 AM,11/02/22 09:30,11678,0,,
8A,11/2/2022,9:30 AM,11/02/22 09:30,16914,0,,
8B,11/2/2022,9:30 AM,11/02/22 09:30,16908,0,,
8C,11/2/2022,9:30 AM,11/02/22 09:30,15973,0,,
9A,11/2/2022,9:30 AM,11/02/22 09:30,8652,0,,
9B,11/2/2022,9:30 AM,11/02/22 09:30,7335,0,,
9C,11/2/2022,9:30 AM,11/02/22 09:30,7216,0,,
CO2 FREE,11/2/2022,9:30 AM,11/02/22 09:30,184,0,,
2008,11/2/2022,9:30 AM,11/02/22 09:30,2044,0,,
2%,11/2/2022,9:30 AM,11/02/22 09:30,15751,0,,
CO2 FREE,11/2/2022,5:30 PM,11/02/22 17:30,206,1,,1
2008,11/2/2022,5:30 PM,11/02/22 17:30,1864,1,,
2%,11/2/2022,5:30 PM,11/02/22 17:30,15428,1,,
1A,11/2/2022,5:30 PM,11/02/22 17:30,2381,1,,
1B,11/2/2022,5:30 PM,11/02/22 17:30,1962,1,,
1C,11/2/2022,5:30 PM,11/02/22 17:30,1884,1,,
2A,11/2/2022,5:30 PM,11/02/22 17:30,1879,1,,
2B,11/2/2022,5:30 PM,11/02/22 17:30,1857,1,,
2C,11/2/2022,5:30 PM,11/02/22 17:30,2131,1,,
3A,11/2/2022,5:30 PM,11/02/22 17:30,1077,1,,
3B,11/2/2022,5:30 PM,11/02/22 17:30,1018,1,,
3C,11/2/2022,5:30 PM,11/02/22 17:30,929,1,,
4A,11/2/2022,5:30 PM,11/02/22 17:30,792,1,,
4B,11/2/2022,5:30 PM,11/02/22 17:30,729,1,,
4C,11/2/2022,5:30 PM,11/02/22 17:30,676,1,,
5A,11/2/2022,5:30 PM,11/02/22 17:30,1377,1,,
5B,11/2/2022,5:30 PM,11/02/22 17:30,1060,1,,
5C,11/2/2022,5:30 PM,11/02/22 17:30,1085,1,,
6A,11/2/2022,5:30 PM,11/02/22 17:30,731,1,,
6B,11/2/2022,5:30 PM,11/02/22 17:30,990,1,,
6C,11/2/2022,5:30 PM,11/02/22 17:30,863,1,,
7A,11/2/2022,5:30 PM,11/02/22 17:30,890,1,,
7B,11/2/2022,5:30 PM,11/02/22 17:30,879,1,,
7C,11/2/2022,5:30 PM,11/02/22 17:30,1047,1,,
8A,11/2/2022,5:30 PM,11/02/22 17:30,1522,1,,
8B,11/2/2022,5:30 PM,11/02/22 17:30,1547,1,,
8C,11/2/2022,5:30 PM,11/02/22 17:30,1354,1,,
9A,11/2/2022,5:30 PM,11/02/22 17:30,867,1,,
9B,11/2/2022,5:30 PM,11/02/22 17:30,847,1,,
9C,11/2/2022,5:30 PM,11/02/22 17:30,840,1,,
CO2 FREE,11/2/2022,5:30 PM,11/02/22 17:30,31,1,,
2008,11/2/2022,5:30 PM,11/02/22 17:30,1827,1,,
2%,11/2/2022,5:30 PM,11/02/22 17:30,15574,1,,
CO2 FREE,11/3/2022,8:30:00 AM,11/03/22 08:30,154,1,,2
2008,11/3/2022,8:30:00 AM,11/03/22 08:30,1926,1,,
2%,11/3/2022,8:30:00 AM,11/03/22 08:30,16278,1,,
1A,11/3/2022,8:30:00 AM,11/03/22 08:30,31114,1,,
1B,11/3/2022,8:30:00 AM,11/03/22 08:30,30294,1,,
1C,11/3/2022,8:30:00 AM,11/03/22 08:30,30046,1,,
2A,11/3/2022,8:30:00 AM,11/03/22 08:30,30878,1,,
2B,11/3/2022,8:30:00 AM,11/03/22 08:30,30515,1,,
2C,11/3/2022,8:30:00 AM,11/03/22 08:30,31020,1,,
3A,11/3/2022,8:30:00 AM,11/03/22 08:30,24193,1,,
3B,11/3/2022,8:30:00 AM,11/03/22 08:30,21217,1,,
3C,11/3/2022,8:30:00 AM,11/03/22 08:30,22281,1,,
4A,11/3/2022,8:30:00 AM,11/03/22 08:30,16921,1,,
4B,11/3/2022,8:30:00 AM,11/03/22 08:30,16820,1,,
4C,11/3/2022,8:30:00 AM,11/03/22 08:30,15206,1,,
5A,11/3/2022,8:30:00 AM,11/03/22 08:30,25094,1,,
5B,11/3/2022,8:30:00 AM,11/03/22 08:30,25055,1,,
5C,11/3/2022,8:30:00 AM,11/03/22 08:30,25324,1,,
6A,11/3/2022,8:30:00 AM,11/03/22 08:30,17010,1,,
6B,11/3/2022,8:30:00 AM,11/03/22 08:30,17608,1,,
6C,11/3/2022,8:30:00 AM,11/03/22 08:30,16408,1,,
7A,11/3/2022,8:30:00 AM,11/03/22 08:30,9693,1,,
7B,11/3/2022,8:30:00 AM,11/03/22 08:30,9570,1,,
7C,11/3/2022,8:30:00 AM,11/03/22 08:30,9471,1,,
8A,11/3/2022,8:30:00 AM,11/03/22 08:30,20510,1,,
8B,11/3/2022,8:30:00 AM,11/03/22 08:30,20940,1,,
8C,11/3/2022,8:30:00 AM,11/03/22 08:30,20160,1,,
9A,11/3/2022,9:00:00 AM,11/03/22 09:00,9590,1,,
9B,11/3/2022,9:00:00 AM,11/03/22 09:00,9371,1,,
9C,11/3/2022,9:00:00 AM,11/03/22 09:00,9870,1,,
CO2 FREE,11/3/2022,9:00:00 AM,11/03/22 09:00,201,1,,
2008,11/3/2022,9:00:00 AM,11/03/22 09:00,2183,1,,
2%,11/3/2022,9:00:00 AM,11/03/22 09:00,16270,1,,
CO2 FREE,11/4/2022,9:00 AM,11/04/22 09:00,343,2,,3
2008,11/4/2022,9:00 AM,11/04/22 09:00,1866,2,,
2%,11/4/2022,9:00 AM,11/04/22 09:00,15739,2,,
1A,11/4/2022,9:00 AM,11/04/22 09:00,793,2,,
1B,11/4/2022,9:00 AM,11/04/22 09:00,1026,2,,
1C,11/4/2022,9:00 AM,11/04/22 09:00,907,2,,
2A,11/4/2022,9:00 AM,11/04/22 09:00,958,2,,
2B,11/4/2022,9:00 AM,11/04/22 09:00,808,2,,
2C,11/4/2022,9:00 AM,11/04/22 09:00,802,2,,
3A,11/4/2022,9:00 AM,11/04/22 09:00,2936,2,,
3B,11/4/2022,9:00 AM,11/04/22 09:00,2828,2,,
3C,11/4/2022,9:00 AM,11/04/22 09:00,3158,2,,
4A,11/4/2022,9:00 AM,11/04/22 09:00,964,2,,
4B,11/4/2022,9:00 AM,11/04/22 09:00,993,2,,
4C,11/4/2022,9:00 AM,11/04/22 09:00,1102,2,,
5A,11/4/2022,9:00 AM,11/04/22 09:00,2304,2,,
5B,11/4/2022,9:00 AM,11/04/22 09:00,2232,2,,
5C,11/4/2022,9:00 AM,11/04/22 09:00,2023,2,,
6A,11/4/2022,9:00 AM,11/04/22 09:00,1615,2,,
6B,11/4/2022,8:50 AM,11/04/22 08:50,1091,2,,
6C,11/4/2022,8:50 AM,11/04/22 08:50,1784,2,,
7A,11/4/2022,8:50 AM,11/04/22 08:50,943,2,,
7B,11/4/2022,8:50 AM,11/04/22 08:50,1050,2,,
7C,11/4/2022,8:50 AM,11/04/22 08:50,930,2,,
8A,11/4/2022,8:50 AM,11/04/22 08:50,1710,2,,
8B,11/4/2022,8:50 AM,11/04/22 08:50,1719,2,,
8C,11/4/2022,8:50 AM,11/04/22 08:50,1593,2,,
9A,11/4/2022,8:50 AM,11/04/22 08:50,1152,2,,
9B,11/4/2022,8:50 AM,11/04/22 08:50,1055,2,,
9C,11/4/2022,8:50 AM,11/04/22 08:50,1040,2,,
CO2 FREE,11/4/2022,8:50 AM,11/04/22 08:50,42,2,,
2008,11/4/2022,8:50 AM,11/04/22 08:50,1774,2,,
2%,11/4/2022,8:50 AM,11/04/22 08:50,15703,2,,
CO2 FREE,11/4/2022,3:20 PM,11/04/22 15:20,190,2,,3
2008,11/4/2022,3:20 PM,11/04/22 15:20,1731,2,,
2%,11/4/2022,3:20 PM,11/04/22 15:20,15512,2,,
1A,11/4/2022,3:20 PM,11/04/22 15:20,18520,2,,
1B,11/4/2022,3:20 PM,11/04/22 15:20,18085,2,,
1C,11/4/2022,3:20 PM,11/04/22 15:20,17226,2,,
2A,11/4/2022,3:20 PM,11/04/22 15:20,18442,2,,
2B,11/4/2022,3:20 PM,11/04/22 15:20,17870,2,,
2C,11/4/2022,3:20 PM,11/04/22 15:20,18160,2,,
3A,11/4/2022,3:20 PM,11/04/22 15:20,20073,2,,
3B,11/4/2022,3:20 PM,11/04/22 15:20,17203,2,,
3C,11/4/2022,3:20 PM,11/04/22 15:20,18571,2,,
4A,11/4/2022,3:20 PM,11/04/22 15:20,5227,2,,
4B,11/4/2022,3:20 PM,11/04/22 15:20,5017,2,,
4C,11/4/2022,3:20 PM,11/04/22 15:20,5132,2,,
5A,11/4/2022,3:20 PM,11/04/22 15:20,17557,2,,
5B,11/4/2022,3:20 PM,11/04/22 15:20,17348,2,,
5C,11/4/2022,3:20 PM,11/04/22 15:20,17661,2,,
6A,11/4/2022,3:20 PM,11/04/22 15:20,11748,2,,
6B,11/4/2022,3:20 PM,11/04/22 15:20,11871,2,,
6C,11/4/2022,3:20 PM,11/04/22 15:20,11487,2,,
7A,11/4/2022,3:20 PM,11/04/22 15:20,3257,2,,
7B,11/4/2022,3:20 PM,11/04/22 15:20,3023,2,,
7C,11/4/2022,3:20 PM,11/04/22 15:20,3060,2,,
8A,11/4/2022,3:20 PM,11/04/22 15:20,8794,2,,
8B,11/4/2022,3:20 PM,11/04/22 15:20,9547,2,,
8C,11/4/2022,3:20 PM,11/04/22 15:20,9301,2,,
9A,11/4/2022,3:20 PM,11/04/22 15:20,4430,2,,
9B,11/4/2022,3:20 PM,11/04/22 15:20,4436,2,,
9C,11/4/2022,3:20 PM,11/04/22 15:20,4537,2,,
CO2 FREE,11/4/2022,3:20 PM,11/04/22 15:20,608,2,,
2008,11/4/2022,3:20 PM,11/04/22 15:20,1879,2,,
2%,11/4/2022,3:20 PM,11/04/22 15:20,15659,2,,
CO2 FREE,11/7/2022,7:30 AM,11/07/22 07:30,66,3,,6
2008,11/7/2022,7:30 AM,11/07/22 07:30,1965,3,,
2%,11/7/2022,7:30 AM,11/07/22 07:30,16529,3,,
1A,11/7/2022,7:30 AM,11/07/22 07:30,1231,3,,
1B,11/7/2022,7:30 AM,11/07/22 07:30,2041,3,,
1C,11/7/2022,7:30 AM,11/07/22 07:30,2204,3,,
2A,11/7/2022,7:30 AM,11/07/22 07:30,2357,3,,
2B,11/7/2022,7:30 AM,11/07/22 07:30,1602,3,,
2C,11/7/2022,7:30 AM,11/07/22 07:30,1773,3,,
3A,11/7/2022,7:30 AM,11/07/22 07:30,1253,3,,
3B,11/7/2022,7:30 AM,11/07/22 07:30,2053,3,,
3C,11/7/2022,7:30 AM,11/07/22 07:30,681,3,,
4A,11/7/2022,7:30 AM,11/07/22 07:30,1131,3,,
4B,11/7/2022,7:30 AM,11/07/22 07:30,953,3,,
4C,11/7/2022,7:30 AM,11/07/22 07:30,917,3,,
5A,11/7/2022,7:30 AM,11/07/22 07:30,2684,3,,
5B,11/7/2022,7:30 AM,11/07/22 07:30,2423,3,,
5C,11/7/2022,7:30 AM,11/07/22 07:30,2324,3,,
6A,11/7/2022,7:30 AM,11/07/22 07:30,1896,3,,
6B,11/7/2022,7:42 AM,11/07/22 07:42,2553,3,,
6C,11/7/2022,7:42 AM,11/07/22 07:42,1773,3,,
7A,11/7/2022,7:42 AM,11/07/22 07:42,869,3,,
7B,11/7/2022,7:42 AM,11/07/22 07:42,826,3,,
7C,11/7/2022,7:42 AM,11/07/22 07:42,929,3,,
8A,11/7/2022,7:42 AM,11/07/22 07:42,1211,3,,
8B,11/7/2022,7:42 AM,11/07/22 07:42,1334,3,,
8C,11/7/2022,7:42 AM,11/07/22 07:42,1511,3,,
9A,11/7/2022,7:42 AM,11/07/22 07:42,1174,3,,
9B,11/7/2022,7:42 AM,11/07/22 07:42,1238,3,,
9C,11/7/2022,7:42 AM,11/07/22 07:42,1283,3,,
CO2 FREE,11/7/2022,7:42 AM,11/07/22 07:42,50,3,,
2008,11/7/2022,7:42 AM,11/07/22 07:42,1893,3,,
2%,11/7/2022,7:42 AM,11/07/22 07:42,16518,3,,
CO2 FREE,11/7/2022,4:15 PM,11/07/22 16:15,174,3,,6
2008,11/7/2022,4:15 PM,11/07/22 16:15,1752,3,,
2%,11/7/2022,4:15 PM,11/07/22 16:15,16405,3,,
1A,11/7/2022,4:15 PM,11/07/22 16:15,14984,3,,
1B,11/7/2022,4:15 PM,11/07/22 16:15,15478,3,,
1C,11/7/2022,4:15 PM,11/07/22 16:15,15005,3,,
2A,11/7/2022,4:15 PM,11/07/22 16:15,15525,3,,
2B,11/7/2022,4:15 PM,11/07/22 16:15,13892,3,,
2C,11/7/2022,4:15 PM,11/07/22 16:15,14084,3,,
3A,11/7/2022,4:15 PM,11/07/22 16:15,15293,3,,
3B,11/7/2022,4:15 PM,11/07/22 16:15,17602,3,,
3C,11/7/2022,4:15 PM,11/07/22 16:15,14928,3,,
4A,11/7/2022,4:15 PM,11/07/22 16:15,4673,3,,
4B,11/7/2022,4:15 PM,11/07/22 16:15,4643,3,,
4C,11/7/2022,4:15 PM,11/07/22 16:15,4582,3,,
5A,11/7/2022,4:15 PM,11/07/22 16:15,12405,3,,
5B,11/7/2022,4:15 PM,11/07/22 16:15,12400,3,,
5C,11/7/2022,4:15 PM,11/07/22 16:15,12973,3,,
6A,11/7/2022,4:15 PM,11/07/22 16:15,9961,3,,
6B,11/7/2022,4:15 PM,11/07/22 16:15,9813,3,,
6C,11/7/2022,4:15 PM,11/07/22 16:15,8740,3,,
7A,11/7/2022,4:15 PM,11/07/22 16:15,3174,3,,
7B,11/7/2022,4:15 PM,11/07/22 16:15,3014,3,,
7C,11/7/2022,4:15 PM,11/07/22 16:15,2932,3,,
8A,11/7/2022,4:15 PM,11/07/22 16:15,5086,3,,
8B,11/7/2022,4:15 PM,11/07/22 16:15,5315,3,,
8C,11/7/2022,4:15 PM,11/07/22 16:15,5948,3,,
9A,11/7/2022,4:15 PM,11/07/22 16:15,4670,3,,
9B,11/7/2022,4:15 PM,11/07/22 16:15,4683,3,,
9C,11/7/2022,4:15 PM,11/07/22 16:15,4711,3,,
CO2 FREE,11/7/2022,4:15 PM,11/07/22 16:15,246,3,,
2008,11/7/2022,4:15 PM,11/07/22 16:15,1829,3,,
2%,11/7/2022,4:15 PM,11/07/22 16:15,16426,3,,
CO2 FREE,11/8/2022,9:25 AM,11/08/22 09:25,32,4,,7
2008,11/8/2022,9:25 AM,11/08/22 09:25,1407,4,,
2%,11/8/2022,9:25 AM,11/08/22 09:25,15626,4,,
1A,11/8/2022,9:25 AM,11/08/22 09:25,686,4,,
1B,11/8/2022,9:25 AM,11/08/22 09:25,775,4,,
1C,11/8/2022,9:25 AM,11/08/22 09:25,694,4,,
2A,11/8/2022,9:25 AM,11/08/22 09:25,819,4,,
2B,11/8/2022,9:25 AM,11/08/22 09:25,694,4,,
2C,11/8/2022,9:25 AM,11/08/22 09:25,752,4,,
3A,11/8/2022,9:25 AM,11/08/22 09:25,1800,4,,
3B,11/8/2022,9:25 AM,11/08/22 09:25,690,4,,
3C,11/8/2022,9:44 AM,11/08/22 09:44,618,4,,
4A,11/8/2022,9:44 AM,11/08/22 09:44,805,4,,
4B,11/8/2022,9:44 AM,11/08/22 09:44,802,4,,
4C,11/8/2022,9:44 AM,11/08/22 09:44,761,4,,
5A,11/8/2022,9:44 AM,11/08/22 09:44,1173,4,,
5B,11/8/2022,9:44 AM,11/08/22 09:44,1188,4,,
5C,11/8/2022,9:44 AM,11/08/22 09:44,1198,4,,
6A,11/8/2022,9:44 AM,11/08/22 09:44,1162,4,,
6B,11/8/2022,9:44 AM,11/08/22 09:44,1035,4,,
6C,11/8/2022,9:44 AM,11/08/22 09:44,952,4,,
7A,11/8/2022,9:44 AM,11/08/22 09:44,643,4,,
7B,11/8/2022,9:44 AM,11/08/22 09:44,638,4,,
7C,11/8/2022,9:30 AM,11/08/22 09:30,577,4,,
8A,11/8/2022,9:30 AM,11/08/22 09:30,598,4,,
8B,11/8/2022,9:30 AM,11/08/22 09:30,608,4,,
8C,11/8/2022,9:30 AM,11/08/22 09:30,914,4,,
9A,11/8/2022,9:30 AM,11/08/22 09:30,584,4,,
9B,11/8/2022,9:30 AM,11/08/22 09:30,562,4,,
9C,11/8/2022,9:30 AM,11/08/22 09:30,569,4,,
CO2 FREE,11/8/2022,9:30 AM,11/08/22 09:30,34,4,,
2008,11/8/2022,9:30 AM,11/08/22 09:30,1405,4,,
2%,11/8/2022,9:30 AM,11/08/22 09:30,15551,4,,
CO2 FREE,11/8/2022,3:45 PM,11/08/22 15:45,156,4,,7
2008,11/8/2022,3:45 PM,11/08/22 15:45,1322,4,,
2%,11/8/2022,3:45 PM,11/08/22 15:45,15381,4,,
1A,11/8/2022,3:45 PM,11/08/22 15:45,8116,4,,
1B,11/8/2022,3:45 PM,11/08/22 15:45,8192,4,,
1C,11/8/2022,3:45 PM,11/08/22 15:45,7753,4,,
2A,11/8/2022,3:45 PM,11/08/22 15:45,7981,4,,
2B,11/8/2022,3:45 PM,11/08/22 15:45,7623,4,,
2C,11/8/2022,3:45 PM,11/08/22 15:45,7597,4,,
3A,11/8/2022,3:45 PM,11/08/22 15:45,10041,4,,
3B,11/8/2022,3:45 PM,11/08/22 15:45,10375,4,,
3C,11/8/2022,3:45 PM,11/08/22 15:45,9379,4,,
4A,11/8/2022,3:45 PM,11/08/22 15:45,3006,4,,
4B,11/8/2022,3:45 PM,11/08/22 15:45,3049,4,,
4C,11/8/2022,3:45 PM,11/08/22 15:45,2923,4,,
5A,11/8/2022,3:45 PM,11/08/22 15:45,6640,4,,
5B,11/8/2022,3:45 PM,11/08/22 15:45,6726,4,,
5C,11/8/2022,3:45 PM,11/08/22 15:45,6983,4,,
6A,11/8/2022,3:45 PM,11/08/22 15:45,5875,4,,
6B,11/8/2022,4:00 PM,11/08/22 16:00,5516,4,,
6C,11/8/2022,4:00 PM,11/08/22 16:00,5105,4,,
7A,11/8/2022,4:00 PM,11/08/22 16:00,2028,4,,
7B,11/8/2022,4:00 PM,11/08/22 16:00,2011,4,,
7C,11/8/2022,4:00 PM,11/08/22 16:00,1987,4,,
8A,11/8/2022,4:00 PM,11/08/22 16:00,3193,4,,
8B,11/8/2022,4:00 PM,11/08/22 16:00,3351,4,,
8C,11/8/2022,4:00 PM,11/08/22 16:00,3908,4,,
9A,11/8/2022,4:00 PM,11/08/22 16:00,3189,4,,
9B,11/8/2022,4:00 PM,11/08/22 16:00,3199,4,,
9C,11/8/2022,4:00 PM,11/08/22 16:00,3162,4,,
CO2 FREE,11/8/2022,4:00 PM,11/08/22 16:00,173,4,,
2008,11/8/2022,4:00 PM,11/08/22 16:00,1385,4,,
2%,11/8/2022,4:00 PM,11/08/22 16:00,15352,4,,
CO2 FREE,11/9/2022,10:30 AM,11/09/22 10:30,100,5,,8
2008,11/9/2022,10:30 AM,11/09/22 10:30,1945,5,,
2%,11/9/2022,10:30 AM,11/09/22 10:30,16392,5,,
1A,11/9/2022,10:30 AM,11/09/22 10:30,2392,5,,
1B,11/9/2022,10:30 AM,11/09/22 10:30,3021,5,,
1C,11/9/2022,10:30 AM,11/09/22 10:30,2673,5,,
2A,11/9/2022,10:30 AM,11/09/22 10:30,2647,5,,
2B,11/9/2022,10:30 AM,11/09/22 10:30,2229,5,,
2C,11/9/2022,10:30 AM,11/09/22 10:30,2307,5,,
3A,11/9/2022,10:30 AM,11/09/22 10:30,1765,5,,
3B,11/9/2022,10:30 AM,11/09/22 10:30,2542,5,,
3C,11/9/2022,10:30 AM,11/09/22 10:30,1801,5,,
4A,11/9/2022,10:30 AM,11/09/22 10:30,730,5,,
4B,11/9/2022,10:30 AM,11/09/22 10:30,699,5,,
4C,11/9/2022,10:30 AM,11/09/22 10:30,694,5,,
5A,11/9/2022,10:30 AM,11/09/22 10:30,887,5,,
5B,11/9/2022,10:30 AM,11/09/22 10:30,923,5,,
5C,11/9/2022,10:30 AM,11/09/22 10:30,945,5,,
6A,11/9/2022,10:30 AM,11/09/22 10:30,998,5,,
6B,11/9/2022,10:30 AM,11/09/22 10:30,920,5,,
6C,11/9/2022,10:30 AM,11/09/22 10:30,824,5,,
7A,11/9/2022,10:30 AM,11/09/22 10:30,618,5,,
7B,11/9/2022,10:30 AM,11/09/22 10:30,721,5,,
7C,11/9/2022,10:30 AM,11/09/22 10:30,547,5,,
8A,11/9/2022,10:30 AM,11/09/22 10:30,591,5,,
8B,11/9/2022,10:30 AM,11/09/22 10:30,593,5,,
8C,11/9/2022,10:30 AM,11/09/22 10:30,618,5,,
9A,11/9/2022,10:30 AM,11/09/22 10:30,612,5,,
9B,11/9/2022,10:30 AM,11/09/22 10:30,621,5,,
9C,11/9/2022,10:30 AM,11/09/22 10:30,638,5,,
CO2 FREE,11/9/2022,10:30 AM,11/09/22 10:30,104,5,,
2008,11/9/2022,10:30 AM,11/09/22 10:30,2004,5,,
2%,11/9/2022,10:30 AM,11/09/22 10:30,16261,5,,
CO2 FREE,11/9/2022,5:00 PM,11/09/22 17:00,217,5,,8
2008,11/9/2022,5:00 PM,11/09/22 17:00,1662,5,,
2%,11/9/2022,5:00 PM,11/09/22 17:00,16001,5,,
1A,11/9/2022,5:00 PM,11/09/22 17:00,7723,5,,
1B,11/9/2022,5:00 PM,11/09/22 17:00,8193,5,,
1C,11/9/2022,5:00 PM,11/09/22 17:00,7744,5,,
2A,11/9/2022,5:00 PM,11/09/22 17:00,7999,5,,
2B,11/9/2022,5:00 PM,11/09/22 17:00,7114,5,,
2C,11/9/2022,5:00 PM,11/09/22 17:00,7274,5,,
3A,11/9/2022,5:00 PM,11/09/22 17:00,8958,5,,
3B,11/9/2022,5:00 PM,11/09/22 17:00,10667,5,,
3C,11/9/2022,5:00 PM,11/09/22 17:00,10262,5,,
4A,11/9/2022,5:00 PM,11/09/22 17:00,3076,5,,
4B,11/9/2022,5:00 PM,11/09/22 17:00,3152,5,,
4C,11/9/2022,5:00 PM,11/09/22 17:00,2997,5,,
5A,11/9/2022,5:00 PM,11/09/22 17:00,5847,5,,
5B,11/9/2022,5:00 PM,11/09/22 17:00,6003,5,,
5C,11/9/2022,5:00 PM,11/09/22 17:00,6095,5,,
6A,11/9/2022,5:00 PM,11/09/22 17:00,5592,5,,
6B,11/9/2022,5:00 PM,11/09/22 17:00,5356,5,,
6C,11/9/2022,5:00 PM,11/09/22 17:00,4988,5,,
7A,11/9/2022,5:00 PM,11/09/22 17:00,2010,5,,
7B,11/9/2022,5:00 PM,11/09/22 17:00,2062,5,,
7C,11/9/2022,5:00 PM,11/09/22 17:00,1938,5,,
8A,11/9/2022,5:00 PM,11/09/22 17:00,3006,5,,
8B,11/9/2022,5:00 PM,11/09/22 17:00,3126,5,,
8C,11/9/2022,5:00 PM,11/09/22 17:00,3347,5,,
9A,11/9/2022,5:00 PM,11/09/22 17:00,3198,5,,
9B,11/9/2022,5:00 PM,11/09/22 17:00,3221,5,,
9C,11/9/2022,5:00 PM,11/09/22 17:00,3208,5,,
CO2 FREE,11/9/2022,5:00 PM,11/09/22 17:00,264,5,,
2008,11/9/2022,5:00 PM,11/09/22 17:00,1680,5,,
2%,11/9/2022,5:00 PM,11/09/22 17:00,16111,5,,
CO2 FREE,11/10/2022,9:30 AM,11/10/22 09:30,361,6,,9
2008,11/10/2022,9:30 AM,11/10/22 09:30,1461,6,,
2%,11/10/2022,9:30 AM,11/10/22 09:30,15628,6,,
1A,11/10/2022,9:30 AM,11/10/22 09:30,805,6,,
1B,11/10/2022,9:30 AM,11/10/22 09:30,683,6,,
1C,11/10/2022,9:30 AM,11/10/22 09:30,737,6,,
2A,11/10/2022,9:30 AM,11/10/22 09:30,761,6,,
2B,11/10/2022,9:30 AM,11/10/22 09:30,673,6,,
2C,11/10/2022,9:30 AM,11/10/22 09:30,670,6,,
3A,11/10/2022,9:30 AM,11/10/22 09:30,656,6,,
3B,11/10/2022,9:30 AM,11/10/22 09:30,762,6,,
3C,11/10/2022,9:30 AM,11/10/22 09:30,1324,6,,
4A,11/10/2022,9:30 AM,11/10/22 09:30,763,6,,
4B,11/10/2022,9:30 AM,11/10/22 09:30,723,6,,
4C,11/10/2022,9:30 AM,11/10/22 09:30,712,6,,
5A,11/10/2022,9:30 AM,11/10/22 09:30,805,6,,
5B,11/10/2022,9:30 AM,11/10/22 09:30,831,6,,
5C,11/10/2022,9:30 AM,11/10/22 09:30,832,6,,
6A,11/10/2022,9:30 AM,11/10/22 09:30,810,6,,
6B,11/10/2022,9:30 AM,11/10/22 09:30,878,6,,
6C,11/10/2022,9:30 AM,11/10/22 09:30,856,6,,
7A,11/10/2022,9:30 AM,11/10/22 09:30,644,6,,
7B,11/10/2022,9:30 AM,11/10/22 09:30,623,6,,
7C,11/10/2022,9:30 AM,11/10/22 09:30,665,6,,
8A,11/10/2022,9:30 AM,11/10/22 09:30,762,6,,
8B,11/10/2022,9:30 AM,11/10/22 09:30,797,6,,
8C,11/10/2022,9:30 AM,11/10/22 09:30,825,6,,
9A,11/10/2022,9:30 AM,11/10/22 09:30,838,6,,
9B,11/10/2022,9:30 AM,11/10/22 09:30,848,6,,
9C,11/10/2022,9:30 AM,11/10/22 09:30,831,6,,
CO2 FREE,11/10/2022,9:30 AM,11/10/22 09:30,353,6,,
2008,11/10/2022,9:30 AM,11/10/22 09:30,1296,6,,
2%,11/10/2022,9:30 AM,11/10/22 09:30,15592,6,,
CO2 FREE,11/10/2022,3:30 PM,11/10/22 15:30,168,6,,9
2008,11/10/2022,3:30 PM,11/10/22 15:30,1828,6,,
2%,11/10/2022,3:30 PM,11/10/22 15:30,16024,6,,
1A,11/10/2022,3:30 PM,11/10/22 15:30,5424,6,,
1B,11/10/2022,3:30 PM,11/10/22 15:30,5536,6,,
1C,11/10/2022,3:30 PM,11/10/22 15:30,5547,6,,
2A,11/10/2022,3:30 PM,11/10/22 15:30,5793,6,,
2B,11/10/2022,3:30 PM,11/10/22 15:30,5285,6,,
2C,11/10/2022,3:30 PM,11/10/22 15:30,5299,6,,
3A,11/10/2022,3:30 PM,11/10/22 15:30,8288,6,,
3B,11/10/2022,3:30 PM,11/10/22 15:30,9114,6,,
3C,11/10/2022,3:30 PM,11/10/22 15:30,9217,6,,
4A,11/10/2022,3:30 PM,11/10/22 15:30,2998,6,,
4B,11/10/2022,3:30 PM,11/10/22 15:30,3094,6,,
4C,11/10/2022,3:30 PM,11/10/22 15:30,2908,6,,
5A,11/10/2022,3:30 PM,11/10/22 15:30,5112,6,,
5B,11/10/2022,3:30 PM,11/10/22 15:30,5315,6,,
5C,11/10/2022,3:30 PM,11/10/22 15:30,5283,6,,
6A,11/10/2022,3:30 PM,11/10/22 15:30,4918,6,,
6B,11/10/2022,3:30 PM,11/10/22 15:30,5010,6,,
6C,11/10/2022,3:30 PM,11/10/22 15:30,4829,6,,
7A,11/10/2022,3:30 PM,11/10/22 15:30,1884,6,,
7B,11/10/2022,3:30 PM,11/10/22 15:30,1839,6,,
7C,11/10/2022,3:30 PM,11/10/22 15:30,1910,6,,
8A,11/10/2022,3:30 PM,11/10/22 15:30,2809,6,,
8B,11/10/2022,3:30 PM,11/10/22 15:30,2994,6,,
8C,11/10/2022,3:30 PM,11/10/22 15:30,3173,6,,
9A,11/10/2022,3:30 PM,11/10/22 15:30,3119,6,,
9B,11/10/2022,3:30 PM,11/10/22 15:30,3106,6,,
9C,11/10/2022,3:30 PM,11/10/22 15:30,3054,6,,
CO2 FREE,11/10/2022,3:30 PM,11/10/22 15:30,208,6,,
2008,11/10/2022,3:30 PM,11/10/22 15:30,1628,6,,
2%,11/10/2022,3:30 PM,11/10/22 15:30,16004,6,,
CO2 FREE,11/11/2022,8:45 AM,11/11/22 08:45,72,7,,10
2008,11/11/2022,8:45 AM,11/11/22 08:45,1503,7,,
2%,11/11/2022,8:45 AM,11/11/22 08:45,14023,7,,
1A,11/11/2022,8:45 AM,11/11/22 08:45,1830,7,,
1B,11/11/2022,8:45 AM,11/11/22 08:45,2076,7,,
1C,11/11/2022,8:45 AM,11/11/22 08:45,1932,7,,
2A,11/11/2022,8:45 AM,11/11/22 08:45,1991,7,,
2B,11/11/2022,8:45 AM,11/11/22 08:45,1702,7,,
2C,11/11/2022,8:45 AM,11/11/22 08:45,1760,7,,
3A,11/11/2022,8:45 AM,11/11/22 08:45,1544,7,,
3B,11/11/2022,8:45 AM,11/11/22 08:45,2043,7,,
3C,11/11/2022,8:45 AM,11/11/22 08:45,1886,7,,
4A,11/11/2022,8:45 AM,11/11/22 08:45,783,7,,
4B,11/11/2022,8:45 AM,11/11/22 08:45,712,7,,
4C,11/11/2022,8:45 AM,11/11/22 08:45,769,7,,
5A,11/11/2022,8:45 AM,11/11/22 08:45,875,7,,
5B,11/11/2022,8:45 AM,11/11/22 08:45,909,7,,
5C,11/11/2022,8:45 AM,11/11/22 08:45,921,7,,
6A,11/11/2022,8:45 AM,11/11/22 08:45,909,7,,
6B,11/11/2022,8:45 AM,11/11/22 08:45,953,7,,
6C,11/11/2022,8:45 AM,11/11/22 08:45,851,7,,
7A,11/11/2022,8:45 AM,11/11/22 08:45,598,7,,
7B,11/11/2022,8:45 AM,11/11/22 08:45,630,7,,
7C,11/11/2022,8:45 AM,11/11/22 08:45,655,7,,
8A,11/11/2022,8:45 AM,11/11/22 08:45,798,7,,
8B,11/11/2022,8:45 AM,11/11/22 08:45,765,7,,
8C,11/11/2022,8:45 AM,11/11/22 08:45,813,7,,
9A,11/11/2022,8:45 AM,11/11/22 08:45,831,7,,
9B,11/11/2022,8:45 AM,11/11/22 08:45,822,7,,
9C,11/11/2022,8:45 AM,11/11/22 08:45,808,7,,
CO2 FREE,11/11/2022,8:45 AM,11/11/22 08:45,60,7,,
2008,11/11/2022,8:45 AM,11/11/22 08:45,1418,7,,
2%,11/11/2022,8:45 AM,11/11/22 08:45,14152,7,,
CO2 FREE,11/11/2022,3:30 PM,11/11/22 15:30,243,7,,10
2008,11/11/2022,3:30 PM,11/11/22 15:30,1217,7,,
2%,11/11/2022,3:30 PM,11/11/22 15:30,12968,7,,
1A,11/11/2022,3:30 PM,11/11/22 15:30,6383,7,,
1B,11/11/2022,3:30 PM,11/11/22 15:30,6582,7,,
1C,11/11/2022,3:30 PM,11/11/22 15:30,6519,7,,
2A,11/11/2022,3:30 PM,11/11/22 15:30,6696,7,,
2B,11/11/2022,3:30 PM,11/11/22 15:30,5867,7,,
2C,11/11/2022,3:30 PM,11/11/22 15:30,5992,7,,
3A,11/11/2022,3:30 PM,11/11/22 15:30,8781,7,,
3B,11/11/2022,3:30 PM,11/11/22 15:30,9767,7,,
3C,11/11/2022,3:30 PM,11/11/22 15:30,9646,7,,
4A,11/11/2022,3:30 PM,11/11/22 15:30,3115,7,,
4B,11/11/2022,3:30 PM,11/11/22 15:30,3194,7,,
4C,11/11/2022,3:30 PM,11/11/22 15:30,3193,7,,
5A,11/11/2022,3:30 PM,11/11/22 15:30,5255,7,,
5B,11/11/2022,3:30 PM,11/11/22 15:30,5484,7,,
5C,11/11/2022,3:30 PM,11/11/22 15:30,5512,7,,
6A,11/11/2022,3:30 PM,11/11/22 15:30,5306,7,,
6B,11/11/2022,3:30 PM,11/11/22 15:30,5088,7,,
6C,11/11/2022,3:30 PM,11/11/22 15:30,4967,7,,
7A,11/11/2022,3:30 PM,11/11/22 15:30,1895,7,,
7B,11/11/2022,3:30 PM,11/11/22 15:30,1935,7,,
7C,11/11/2022,3:30 PM,11/11/22 15:30,1984,7,,
8A,11/11/2022,3:30 PM,11/11/22 15:30,2953,7,,
8B,11/11/2022,3:30 PM,11/11/22 15:30,2996,7,,
8C,11/11/2022,3:30 PM,11/11/22 15:30,3163,7,,
9A,11/11/2022,3:30 PM,11/11/22 15:30,3217,7,,
9B,11/11/2022,3:30 PM,11/11/22 15:30,3201,7,,
9C,11/11/2022,3:30 PM,11/11/22 15:30,3090,7,,
CO2 FREE,11/11/2022,3:30 PM,11/11/22 15:30,290,7,,
2008,11/11/2022,3:30 PM,11/11/22 15:30,1307,7,,
2%,11/11/2022,3:30 PM,11/11/22 15:30,12617,7,,
CO2 FREE,11/14/2022,9:00 AM,11/14/22 09:00,112,8,,13
2008,11/14/2022,9:00 AM,11/14/22 09:00,1974,8,,
2%,11/14/2022,9:00 AM,11/14/22 09:00,15649,8,,
1A,11/14/2022,9:00 AM,11/14/22 09:00,1272,8,,
1B,11/14/2022,9:00 AM,11/14/22 09:00,1667,8,,
1C,11/14/2022,9:00 AM,11/14/22 09:00,1529,8,,
2A,11/14/2022,9:00 AM,11/14/22 09:00,1348,8,,
2B,11/14/2022,9:00 AM,11/14/22 09:00,1608,8,,
2C,11/14/2022,9:00 AM,11/14/22 09:00,1502,8,,
3A,11/14/2022,9:00 AM,11/14/22 09:00,1453,8,,
3B,11/14/2022,9:00 AM,11/14/22 09:00,1804,8,,
3C,11/14/2022,9:00 AM,11/14/22 09:00,2589,8,,
4A,11/14/2022,9:00 AM,11/14/22 09:00,873,8,,
4B,11/14/2022,9:00 AM,11/14/22 09:00,843,8,,
4C,11/14/2022,9:00 AM,11/14/22 09:00,814,8,,
5A,11/14/2022,9:00 AM,11/14/22 09:00,1356,8,,
5B,11/14/2022,9:00 AM,11/14/22 09:00,1137,8,,
5C,11/14/2022,9:00 AM,11/14/22 09:00,1159,8,,
6A,11/14/2022,9:00 AM,11/14/22 09:00,981,8,,
6B,11/14/2022,9:00 AM,11/14/22 09:00,1055,8,,
6C,11/14/2022,9:00 AM,11/14/22 09:00,1077,8,,
7A,11/14/2022,9:00 AM,11/14/22 09:00,782,8,,
7B,11/14/2022,9:00 AM,11/14/22 09:00,812,8,,
7C,11/14/2022,9:00 AM,11/14/22 09:00,613,8,,
8A,11/14/2022,9:00 AM,11/14/22 09:00,549,8,,
8B,11/14/2022,9:00 AM,11/14/22 09:00,573,8,,
8C,11/14/2022,9:00 AM,11/14/22 09:00,563,8,,
9A,11/14/2022,9:00 AM,11/14/22 09:00,612,8,,
9B,11/14/2022,9:00 AM,11/14/22 09:00,655,8,,
9C,11/14/2022,9:00 AM,11/14/22 09:00,771,8,,
CO2 FREE,11/14/2022,9:00 AM,11/14/22 09:00,87,8,,
2008,11/14/2022,9:00 AM,11/14/22 09:00,1851,8,,
2%,11/14/2022,9:00 AM,11/14/22 09:00,15463,8,,
CO2 FREE,11/14/2022,4:30 PM,11/14/22 16:30,223,8,,13
2008,11/14/2022,4:30 PM,11/14/22 16:30,1602,8,,
2%,11/14/2022,4:30 PM,11/14/22 16:30,13324,8,,
1A,11/14/2022,4:30 PM,11/14/22 16:30,5218,8,,
1B,11/14/2022,4:30 PM,11/14/22 16:30,6014,8,,
1C,11/14/2022,4:30 PM,11/14/22 16:30,5834,8,,
2A,11/14/2022,4:30 PM,11/14/22 16:30,5431,8,,
2B,11/14/2022,4:30 PM,11/14/22 16:30,5051,8,,
2C,11/14/2022,4:30 PM,11/14/22 16:30,4948,8,,
3A,11/14/2022,4:30 PM,11/14/22 16:30,8014,8,,
3B,11/14/2022,4:30 PM,11/14/22 16:30,8435,8,,
3C,11/14/2022,4:30 PM,11/14/22 16:30,9132,8,,
4A,11/14/2022,4:30 PM,11/14/22 16:30,3127,8,,
4B,11/14/2022,4:30 PM,11/14/22 16:30,3264,8,,
4C,11/14/2022,4:30 PM,11/14/22 16:30,3154,8,,
5A,11/14/2022,4:30 PM,11/14/22 16:30,5349,8,,
5B,11/14/2022,4:30 PM,11/14/22 16:30,5205,8,,
5C,11/14/2022,4:30 PM,11/14/22 16:30,5145,8,,
6A,11/14/2022,4:30 PM,11/14/22 16:30,4954,8,,
6B,11/14/2022,4:30 PM,11/14/22 16:30,4771,8,,
6C,11/14/2022,4:30 PM,11/14/22 16:30,4804,8,,
7A,11/14/2022,4:30 PM,11/14/22 16:30,1952,8,,
7B,11/14/2022,4:30 PM,11/14/22 16:30,2024,8,,
7C,11/14/2022,4:30 PM,11/14/22 16:30,1754,8,,
8A,11/14/2022,4:30 PM,11/14/22 16:30,2725,8,,
8B,11/14/2022,4:30 PM,11/14/22 16:30,2920,8,,
8C,11/14/2022,4:30 PM,11/14/22 16:30,3164,8,,
9A,11/14/2022,4:30 PM,11/14/22 16:30,3386,8,,
9B,11/14/2022,4:30 PM,11/14/22 16:30,3474,8,,
9C,11/14/2022,4:30 PM,11/14/22 16:30,3517,8,,
CO2 FREE,11/14/2022,4:30 PM,11/14/22 16:30,428,8,,
2008,11/14/2022,4:30 PM,11/14/22 16:30,1548,8,,
2%,11/14/2022,4:30 PM,11/14/22 16:30,13436,8,,
CO2 FREE,11/15/2022,9:15 AM,11/15/22 09:15,91,9,,14
2008,11/15/2022,9:15 AM,11/15/22 09:15,1872,9,,
2%,11/15/2022,9:15 AM,11/15/22 09:15,15682,9,,
1A,11/15/2022,9:15 AM,11/15/22 09:15,1042,9,,
1B,11/15/2022,9:15 AM,11/15/22 09:15,1309,9,,
1C,11/15/2022,9:15 AM,11/15/22 09:15,1242,9,,
2A,11/15/2022,9:15 AM,11/15/22 09:15,1274,9,,
2B,11/15/2022,9:15 AM,11/15/22 09:15,1038,9,,
2C,11/15/2022,9:15 AM,11/15/22 09:15,1097,9,,
3A,11/15/2022,9:15 AM,11/15/22 09:15,1154,9,,
3B,11/15/2022,9:15 AM,11/15/22 09:15,1343,9,,
3C,11/15/2022,9:15 AM,11/15/22 09:15,1228,9,,
4A,11/15/2022,9:15 AM,11/15/22 09:15,669,9,,
4B,11/15/2022,9:15 AM,11/15/22 09:15,666,9,,
4C,11/15/2022,9:15 AM,11/15/22 09:15,642,9,,
5A,11/15/2022,9:15 AM,11/15/22 09:15,777,9,,
5B,11/15/2022,9:15 AM,11/15/22 09:15,788,9,,
5C,11/15/2022,9:15 AM,11/15/22 09:15,840,9,,
6A,11/15/2022,9:15 AM,11/15/22 09:15,857,9,,
6B,11/15/2022,9:15 AM,11/15/22 09:15,751,9,,
6C,11/15/2022,9:15 AM,11/15/22 09:15,736,9,,
7A,11/15/2022,9:15 AM,11/15/22 09:15,588,9,,
7B,11/15/2022,9:15 AM,11/15/22 09:15,576,9,,
7C,11/15/2022,9:15 AM,11/15/22 09:15,618,9,,
8A,11/15/2022,9:15 AM,11/15/22 09:15,713,9,,
8B,11/15/2022,9:15 AM,11/15/22 09:15,743,9,,
8C,11/15/2022,9:15 AM,11/15/22 09:15,759,9,,
9A,11/15/2022,9:15 AM,11/15/22 09:15,848,9,,
9B,11/15/2022,9:15 AM,11/15/22 09:15,836,9,,
9C,11/15/2022,9:15 AM,11/15/22 09:15,866,9,,
CO2 FREE,11/15/2022,9:15 AM,11/15/22 09:15,71,9,,
2008,11/15/2022,9:15 AM,11/15/22 09:15,1768,9,,
2%,11/15/2022,9:15 AM,11/15/22 09:15,15668,9,,
CO2 FREE,11/16/2022,8:30 AM,11/16/22 08:30,454,9,,15
2008,11/16/2022,8:30 AM,11/16/22 08:30,1259,9,,
2%,11/16/2022,8:30 AM,11/16/22 08:30,11361,9,,
1A,11/16/2022,8:30 AM,11/16/22 08:30,9463,9,,
1B,11/16/2022,8:30 AM,11/16/22 08:30,10684,9,,
1C,11/16/2022,8:30 AM,11/16/22 08:30,11094,9,,
2A,11/16/2022,8:30 AM,11/16/22 08:30,10820,9,,
2B,11/16/2022,8:30 AM,11/16/22 08:30,9530,9,,
2C,11/16/2022,8:30 AM,11/16/22 08:30,9394,9,,
3A,11/16/2022,8:30 AM,11/16/22 08:30,16706,9,,
3B,11/16/2022,8:30 AM,11/16/22 08:30,16515,9,,
3C,11/16/2022,8:30 AM,11/16/22 08:30,17204,9,,
4A,11/16/2022,8:30 AM,11/16/22 08:30,7387,9,,
4B,11/16/2022,8:30 AM,11/16/22 08:30,7820,9,,
4C,11/16/2022,8:30 AM,11/16/22 08:30,7450,9,,
5A,11/16/2022,8:30 AM,11/16/22 08:30,12030,9,,
5B,11/16/2022,8:30 AM,11/16/22 08:30,12157,9,,
5C,11/16/2022,8:30 AM,11/16/22 08:30,12427,9,,
6A,11/16/2022,8:30 AM,11/16/22 08:30,11760,9,,
6B,11/16/2022,8:30 AM,11/16/22 08:30,10855,9,,
6C,11/16/2022,8:30 AM,11/16/22 08:30,10911,9,,
7A,11/16/2022,8:30 AM,11/16/22 08:30,4108,9,,
7B,11/16/2022,8:30 AM,11/16/22 08:30,4148,9,,
7C,11/16/2022,8:30 AM,11/16/22 08:30,4038,9,,
8A,11/16/2022,8:30 AM,11/16/22 08:30,6818,9,,
8B,11/16/2022,8:30 AM,11/16/22 08:30,7230,9,,
8C,11/16/2022,8:30 AM,11/16/22 08:30,7709,9,,
9A,11/16/2022,8:30 AM,11/16/22 08:30,8912,9,,
9B,11/16/2022,8:30 AM,11/16/22 08:30,8789,9,,
9C,11/16/2022,8:30 AM,11/16/22 08:30,8741,9,,
CO2 FREE,11/16/2022,8:30 AM,11/16/22 08:30,496,9,,
2008,11/16/2022,8:30 AM,11/16/22 08:30,1308,9,,
2%,11/16/2022,8:30 AM,11/16/22 08:30,11038,9,,
CO2 FREE,11/17/2022,12:40 PM,11/17/22 12:40,101,10,,16
2008,11/17/2022,12:40 PM,11/17/22 12:40,1890,10,,
2%,11/17/2022,12:40 PM,11/17/22 12:40,15940,10,,
1A,11/17/2022,12:40 PM,11/17/22 12:40,1032,10,,
1B,11/17/2022,12:40 PM,11/17/22 12:40,1209,10,,
1C,11/17/2022,12:40 PM,11/17/22 12:40,1153,10,,
2A,11/17/2022,12:40 PM,11/17/22 12:40,1136,10,,
2B,11/17/2022,12:40 PM,11/17/22 12:40,993,10,,
2C,11/17/2022,12:40 PM,11/17/22 12:40,983,10,,
3A,11/17/2022,12:40 PM,11/17/22 12:40,1052,10,,
3B,11/17/2022,12:40 PM,11/17/22 12:40,1184,10,,
3C,11/17/2022,12:40 PM,11/17/22 12:40,1208,10,,
4A,11/17/2022,12:40 PM,11/17/22 12:40,712,10,,
4B,11/17/2022,12:40 PM,11/17/22 12:40,659,10,,
4C,11/17/2022,12:40 PM,11/17/22 12:40,706,10,,
5A,11/17/2022,12:40 PM,11/17/22 12:40,1151,10,,
5B,11/17/2022,12:40 PM,11/17/22 12:40,997,10,,
5C,11/17/2022,12:40 PM,11/17/22 12:40,926,10,,
6A,11/17/2022,12:40 PM,11/17/22 12:40,879,10,,
6B,11/17/2022,12:40 PM,11/17/22 12:40,1012,10,,
6C,11/17/2022,12:40 PM,11/17/22 12:40,945,10,,
7A,11/17/2022,12:40 PM,11/17/22 12:40,638,10,,
7B,11/17/2022,12:40 PM,11/17/22 12:40,596,10,,
7C,11/17/2022,12:40 PM,11/17/22 12:40,742,10,,
8A,11/17/2022,12:40 PM,11/17/22 12:40,913,10,,
8B,11/17/2022,12:40 PM,11/17/22 12:40,914,10,,
8C,11/17/2022,12:40 PM,11/17/22 12:40,863,10,,
9A,11/17/2022,12:40 PM,11/17/22 12:40,1083,10,,
9B,11/17/2022,12:40 PM,11/17/22 12:40,1128,10,,
9C,11/17/2022,12:40 PM,11/17/22 12:40,928,10,,
CO2 FREE,11/17/2022,12:40 PM,11/17/22 12:40,69,10,,
2008,11/17/2022,12:40 PM,11/17/22 12:40,1822,10,,
2%,11/17/2022,12:40 PM,11/17/22 12:40,15995,10,,
CO2 FREE,11/17/2022,6:45 PM,11/17/22 18:45,392,10,,16
2008,11/17/2022,6:45 PM,11/17/22 18:45,1654,10,,
2%,11/17/2022,6:45 PM,11/17/22 18:45,15148,10,,
1A,11/17/2022,6:45 PM,11/17/22 18:45,3115,10,,
1B,11/17/2022,6:45 PM,11/17/22 18:45,3562,10,,
1C,11/17/2022,6:45 PM,11/17/22 18:45,3563,10,,
2A,11/17/2022,6:45 PM,11/17/22 18:45,3433,10,,
2B,11/17/2022,6:45 PM,11/17/22 18:45,2992,10,,
2C,11/17/2022,6:45 PM,11/17/22 18:45,2964,10,,
3A,11/17/2022,6:45 PM,11/17/22 18:45,5196,10,,
3B,11/17/2022,6:45 PM,11/17/22 18:45,5226,10,,
3C,11/17/2022,6:45 PM,11/17/22 18:45,5268,10,,
4A,11/17/2022,6:45 PM,11/17/22 18:45,2217,10,,
4B,11/17/2022,6:45 PM,11/17/22 18:45,2204,10,,
4C,11/17/2022,6:45 PM,11/17/22 18:45,2270,10,,
5A,11/17/2022,6:45 PM,11/17/22 18:45,3844,10,,
5B,11/17/2022,6:45 PM,11/17/22 18:45,3803,10,,
5C,11/17/2022,6:45 PM,11/17/22 18:45,3704,10,,
6A,11/17/2022,6:45 PM,11/17/22 18:45,3254,10,,
6B,11/17/2022,6:45 PM,11/17/22 18:45,3266,10,,
6C,11/17/2022,6:45 PM,11/17/22 18:45,3196,10,,
7A,11/17/2022,6:45 PM,11/17/22 18:45,1425,10,,
7B,11/17/2022,6:45 PM,11/17/22 18:45,1397,10,,
7C,11/17/2022,6:45 PM,11/17/22 18:45,1539,10,,
8A,11/17/2022,6:45 PM,11/17/22 18:45,2445,10,,
8B,11/17/2022,6:45 PM,11/17/22 18:45,2570,10,,
8C,11/17/2022,6:45 PM,11/17/22 18:45,2583,10,,
9A,11/17/2022,6:45 PM,11/17/22 18:45,3266,10,,
9B,11/17/2022,6:45 PM,11/17/22 18:45,3284,10,,
9C,11/17/2022,6:45 PM,11/17/22 18:45,3017,10,,
CO2 FREE,11/17/2022,6:45 PM,11/17/22 18:45,471,10,,
2008,11/17/2022,6:45 PM,11/17/22 18:45,1647,10,,
2%,11/17/2022,6:45 PM,11/17/22 18:45,15385,10,,
CO2 FREE,11/18/2022,8:00 AM,11/18/22 08:00,72,11,,17
2008,11/18/2022,8:00 AM,11/18/22 08:00,1833,11,,
2%,11/18/2022,8:00 AM,11/18/22 08:00,13404,11,,
1A,11/18/2022,8:00 AM,11/18/22 08:00,1046,11,,
1B,11/18/2022,8:00 AM,11/18/22 08:00,857,11,,
1C,11/18/2022,8:00 AM,11/18/22 08:00,865,11,,
2A,11/18/2022,8:00 AM,11/18/22 08:00,854,11,,
2B,11/18/2022,8:00 AM,11/18/22 08:00,962,11,,
2C,11/18/2022,8:00 AM,11/18/22 08:00,993,11,,
3A,11/18/2022,8:00 AM,11/18/22 08:00,958,11,,
3B,11/18/2022,8:00 AM,11/18/22 08:00,968,11,,
3C,11/18/2022,8:00 AM,11/18/22 08:00,922,11,,
4A,11/18/2022,8:00 AM,11/18/22 08:00,763,11,,
4B,11/18/2022,8:00 AM,11/18/22 08:00,714,11,,
4C,11/18/2022,8:00 AM,11/18/22 08:00,649,11,,
5A,11/18/2022,8:00 AM,11/18/22 08:00,757,11,,
5B,11/18/2022,8:00 AM,11/18/22 08:00,970,11,,
5C,11/18/2022,8:00 AM,11/18/22 08:00,1043,11,,
6A,11/18/2022,8:00 AM,11/18/22 08:00,792,11,,
6B,11/18/2022,8:00 AM,11/18/22 08:00,675,11,,
6C,11/18/2022,8:00 AM,11/18/22 08:00,694,11,,
7A,11/18/2022,8:00 AM,11/18/22 08:00,545,11,,
7B,11/18/2022,8:00 AM,11/18/22 08:00,535,11,,
7C,11/18/2022,8:00 AM,11/18/22 08:00,692,11,,
8A,11/18/2022,8:00 AM,11/18/22 08:00,931,11,,
8B,11/18/2022,8:00 AM,11/18/22 08:00,897,11,,
8C,11/18/2022,8:00 AM,11/18/22 08:00,731,11,,
9A,11/18/2022,8:00 AM,11/18/22 08:00,842,11,,
9B,11/18/2022,8:00 AM,11/18/22 08:00,866,11,,
9C,11/18/2022,8:00 AM,11/18/22 08:00,831,11,,
CO2 FREE,11/18/2022,8:00 AM,11/18/22 08:00,50,11,,
2008,11/18/2022,8:00 AM,11/18/22 08:00,1735,11,,
2%,11/18/2022,8:00 AM,11/18/22 08:00,10946,11,,
CO2 FREE,11/18/2022,5:00 PM,11/18/22 17:00,89,11,,17
2008,11/18/2022,5:00 PM,11/18/22 17:00,2001,11,,
2%,11/18/2022,5:00 PM,11/18/22 17:00,16360,11,,
1A,11/18/2022,5:00 PM,11/18/22 17:00,3691,11,,
1B,11/18/2022,5:00 PM,11/18/22 17:00,3824,11,,
1C,11/18/2022,5:00 PM,11/18/22 17:00,3968,11,,
2A,11/18/2022,5:00 PM,11/18/22 17:00,3811,11,,
2B,11/18/2022,5:00 PM,11/18/22 17:00,3650,11,,
2C,11/18/2022,5:00 PM,11/18/22 17:00,3614,11,,
3A,11/18/2022,5:00 PM,11/18/22 17:00,6852,11,,
3B,11/18/2022,5:00 PM,11/18/22 17:00,6627,11,,
3C,11/18/2022,5:00 PM,11/18/22 17:00,6540,11,,
4A,11/18/2022,5:00 PM,11/18/22 17:00,2862,11,,
4B,11/18/2022,5:00 PM,11/18/22 17:00,2930,11,,
4C,11/18/2022,5:00 PM,11/18/22 17:00,2765,11,,
5A,11/18/2022,5:00 PM,11/18/22 17:00,4674,11,,
5B,11/18/2022,5:00 PM,11/18/22 17:00,4989,11,,
5C,11/18/2022,5:00 PM,11/18/22 17:00,4868,11,,
6A,11/18/2022,5:00 PM,11/18/22 17:00,3963,11,,
6B,11/18/2022,5:00 PM,11/18/22 17:00,3734,11,,
6C,11/18/2022,5:00 PM,11/18/22 17:00,3843,11,,
7A,11/18/2022,5:00 PM,11/18/22 17:00,1678,11,,
7B,11/18/2022,5:00 PM,11/18/22 17:00,1653,11,,
7C,11/18/2022,5:00 PM,11/18/22 17:00,1707,11,,
8A,11/18/2022,5:00 PM,11/18/22 17:00,2965,11,,
8B,11/18/2022,5:00 PM,11/18/22 17:00,3160,11,,
8C,11/18/2022,5:00 PM,11/18/22 17:00,3095,11,,
9A,11/18/2022,5:00 PM,11/18/22 17:00,3827,11,,
9B,11/18/2022,5:00 PM,11/18/22 17:00,3773,11,,
9C,11/18/2022,5:00 PM,11/18/22 17:00,3684,11,,
CO2 FREE,11/18/2022,5:00 PM,11/18/22 17:00,62,11,,
2008,11/18/2022,5:00 PM,11/18/22 17:00,1905,11,,
2%,11/18/2022,5:00 PM,11/18/22 17:00,16418,11,,
CO2 FREE,11/21/2022,11:00 AM,11/21/22 11:00,89,12,,20
2008,11/21/2022,11:00 AM,11/21/22 11:00,2001,12,,
2%,11/21/2022,11:00 AM,11/21/22 11:00,16360,12,,
1A,11/21/2022,11:00 AM,11/21/22 11:00,915,12,,
1B,11/21/2022,11:00 AM,11/21/22 11:00,1037,12,,
1C,11/21/2022,11:00 AM,11/21/22 11:00,974,12,,
2A,11/21/2022,11:00 AM,11/21/22 11:00,864,12,,
2B,11/21/2022,11:00 AM,11/21/22 11:00,1045,12,,
2C,11/21/2022,11:00 AM,11/21/22 11:00,944,12,,
3A,11/21/2022,11:00 AM,11/21/22 11:00,1017,12,,
3B,11/21/2022,11:00 AM,11/21/22 11:00,1043,12,,
3C,11/21/2022,11:00 AM,11/21/22 11:00,1092,12,,
4A,11/21/2022,11:00 AM,11/21/22 11:00,709,12,,
4B,11/21/2022,11:00 AM,11/21/22 11:00,784,12,,
4C,11/21/2022,11:00 AM,11/21/22 11:00,755,12,,
5A,11/21/2022,11:00 AM,11/21/22 11:00,823,12,,
5B,11/21/2022,11:00 AM,11/21/22 11:00,888,12,,
5C,11/21/2022,11:00 AM,11/21/22 11:00,926,12,,
6A,11/21/2022,11:00 AM,11/21/22 11:00,1103,12,,
6B,11/21/2022,11:00 AM,11/21/22 11:00,923,12,,
6C,11/21/2022,11:00 AM,11/21/22 11:00,966,12,,
7A,11/21/2022,11:00 AM,11/21/22 11:00,755,12,,
7B,11/21/2022,11:00 AM,11/21/22 11:00,695,12,,
7C,11/21/2022,11:00 AM,11/21/22 11:00,629,12,,
8A,11/21/2022,11:00 AM,11/21/22 11:00,775,12,,
8B,11/21/2022,11:00 AM,11/21/22 11:00,895,12,,
8C,11/21/2022,11:00 AM,11/21/22 11:00,999,12,,
9A,11/21/2022,11:00 AM,11/21/22 11:00,1085,12,,
9B,11/21/2022,11:00 AM,11/21/22 11:00,1196,12,,
9C,11/21/2022,11:00 AM,11/21/22 11:00,1144,12,,
CO2 FREE,11/21/2022,11:00 AM,11/21/22 11:00,62,12,,
2008,11/21/2022,11:00 AM,11/21/22 11:00,1905,12,,
2%,11/21/2022,11:00 AM,11/21/22 11:00,16418,12,,
CO2 FREE,11/22/2022,10:30 AM,11/22/22 10:30,62,12,,21
2008,11/22/2022,10:30 AM,11/22/22 10:30,1796,12,,
2%,11/22/2022,10:30 AM,11/22/22 10:30,15449,12,,
1A,11/22/2022,10:30 AM,11/22/22 10:30,6545,12,,
1B,11/22/2022,10:30 AM,11/22/22 10:30,7465,12,,
1C,11/22/2022,10:30 AM,11/22/22 10:30,7312,12,,
2A,11/22/2022,10:30 AM,11/22/22 10:30,7028,12,,
2B,11/22/2022,10:30 AM,11/22/22 10:30,6856,12,,
2C,11/22/2022,10:30 AM,11/22/22 10:30,6646,12,,
3A,11/22/2022,10:30 AM,11/22/22 10:30,12147,12,,
3B,11/22/2022,10:30 AM,11/22/22 10:30,12081,12,,
3C,11/22/2022,10:30 AM,11/22/22 10:30,12762,12,,
4A,11/22/2022,10:30 AM,11/22/22 10:30,5456,12,,
4B,11/22/2022,10:30 AM,11/22/22 10:30,5636,12,,
4C,11/22/2022,10:30 AM,11/22/22 10:30,5331,12,,
5A,11/22/2022,10:30 AM,11/22/22 10:30,10266,12,,
5B,11/22/2022,10:30 AM,11/22/22 10:30,10504,12,,
5C,11/22/2022,10:30 AM,11/22/22 10:30,10148,12,,
6A,11/22/2022,10:30 AM,11/22/22 10:30,7441,12,,
6B,11/22/2022,10:30 AM,11/22/22 10:30,7253,12,,
6C,11/22/2022,10:30 AM,11/22/22 10:30,7445,12,,
7A,11/22/2022,10:30 AM,11/22/22 10:30,3465,12,,
7B,11/22/2022,10:30 AM,11/22/22 10:30,3286,12,,
7C,11/22/2022,10:30 AM,11/22/22 10:30,3350,12,,
8A,11/22/2022,10:30 AM,11/22/22 10:30,6448,12,,
8B,11/22/2022,10:30 AM,11/22/22 10:30,6973,12,,
8C,11/22/2022,10:30 AM,11/22/22 10:30,7208,12,,
9A,11/22/2022,10:30 AM,11/22/22 10:30,9036,12,,
9B,11/22/2022,10:30 AM,11/22/22 10:30,9186,12,,
9C,11/22/2022,10:30 AM,11/22/22 10:30,8995,12,,
CO2 FREE,11/22/2022,10:30 AM,11/22/22 10:30,92,12,,
2008,11/22/2022,10:30 AM,11/22/22 10:30,1805,12,,
2%,11/22/2022,10:30 AM,11/22/22 10:30,15425,12,,
CO2 FREE,11/23/2022,1:00 PM,11/23/22 13:00,46,13,,22
2008,11/23/2022,1:00 PM,11/23/22 13:00,2001,13,,
2%,11/23/2022,1:00 PM,11/23/22 13:00,16204,13,,
1A,11/23/2022,1:00 PM,11/23/22 13:00,657,13,,
1B,11/23/2022,1:00 PM,11/23/22 13:00,719,13,,
1C,11/23/2022,1:00 PM,11/23/22 13:00,622,13,,
2A,11/23/2022,1:00 PM,11/23/22 13:00,598,13,,
2B,11/23/2022,1:00 PM,11/23/22 13:00,664,13,,
2C,11/23/2022,1:00 PM,11/23/22 13:00,740,13,,
3A,11/23/2022,1:00 PM,11/23/22 13:00,822,13,,
3B,11/23/2022,1:00 PM,11/23/22 13:00,855,13,,
3C,11/23/2022,1:00 PM,11/23/22 13:00,867,13,,
4A,11/23/2022,1:00 PM,11/23/22 13:00,660,13,,
4B,11/23/2022,1:00 PM,11/23/22 13:00,660,13,,
4C,11/23/2022,1:00 PM,11/23/22 13:00,712,13,,
5A,11/23/2022,1:00 PM,11/23/22 13:00,877,13,,
5B,11/23/2022,1:00 PM,11/23/22 13:00,957,13,,
5C,11/23/2022,1:00 PM,11/23/22 13:00,850,13,,
6A,11/23/2022,1:00 PM,11/23/22 13:00,667,13,,
6B,11/23/2022,1:00 PM,11/23/22 13:00,781,13,,
6C,11/23/2022,1:00 PM,11/23/22 13:00,754,13,,
7A,11/23/2022,1:00 PM,11/23/22 13:00,618,13,,
7B,11/23/2022,1:00 PM,11/23/22 13:00,569,13,,
7C,11/23/2022,1:00 PM,11/23/22 13:00,750,13,,
8A,11/23/2022,1:00 PM,11/23/22 13:00,880,13,,
8B,11/23/2022,1:00 PM,11/23/22 13:00,919,13,,
8C,11/23/2022,1:00 PM,11/23/22 13:00,907,13,,
9A,11/23/2022,1:00 PM,11/23/22 13:00,1005,13,,
9B,11/23/2022,1:00 PM,11/23/22 13:00,1069,13,,
9C,11/23/2022,1:00 PM,11/23/22 13:00,1137,13,,
CO2 FREE,11/23/2022,1:00 PM,11/23/22 13:00,30,13,,
2008,11/23/2022,1:00 PM,11/23/22 13:00,1846,13,,
2%,11/23/2022,1:00 PM,11/23/22 13:00,16364,13,,
CO2 FREE,11/25/2022,10:45 AM,11/25/22 10:45,348,13,,24
2008,11/25/2022,10:45 AM,11/25/22 10:45,1679,13,,
2%,11/25/2022,10:45 AM,11/25/22 10:45,15254,13,,
1A,11/25/2022,10:45 AM,11/25/22 10:45,9782,13,,
1B,11/25/2022,10:45 AM,11/25/22 10:45,11205,13,,
1C,11/25/2022,10:45 AM,11/25/22 10:45,10761,13,,
2A,11/25/2022,10:45 AM,11/25/22 10:45,10405,13,,
2B,11/25/2022,10:45 AM,11/25/22 10:45,10185,13,,
2C,11/25/2022,10:45 AM,11/25/22 10:45,9962,13,,
3A,11/25/2022,10:45 AM,11/25/22 10:45,16903,13,,
3B,11/25/2022,10:45 AM,11/25/22 10:45,17385,13,,
3C,11/25/2022,10:45 AM,11/25/22 10:45,18210,13,,
4A,11/25/2022,10:45 AM,11/25/22 10:45,8605,13,,
4B,11/25/2022,10:45 AM,11/25/22 10:45,8558,13,,
4C,11/25/2022,10:45 AM,11/25/22 10:45,8453,13,,
5A,11/25/2022,10:45 AM,11/25/22 10:45,16160,13,,
5B,11/25/2022,10:45 AM,11/25/22 10:45,16308,13,,
5C,11/25/2022,10:45 AM,11/25/22 10:45,15900,13,,
6A,11/25/2022,10:45 AM,11/25/22 10:45,10937,13,,
6B,11/25/2022,10:45 AM,11/25/22 10:45,10894,13,,
6C,11/25/2022,10:45 AM,11/25/22 10:45,11041,13,,
7A,11/25/2022,10:45 AM,11/25/22 10:45,5564,13,,
7B,11/25/2022,10:45 AM,11/25/22 10:45,5384,13,,
7C,11/25/2022,10:45 AM,11/25/22 10:45,5160,13,,
8A,11/25/2022,10:45 AM,11/25/22 10:45,11104,13,,
8B,11/25/2022,10:45 AM,11/25/22 10:45,11764,13,,
8C,11/25/2022,10:45 AM,11/25/22 10:45,11911,13,,
9A,11/25/2022,10:45 AM,11/25/22 10:45,15254,13,,
9B,11/25/2022,10:45 AM,11/25/22 10:45,15504,13,,
9C,11/25/2022,10:45 AM,11/25/22 10:45,15195,13,,
CO2 FREE,11/25/2022,10:45 AM,11/25/22 10:45,449,13,,
2008,11/25/2022,10:45 AM,11/25/22 10:45,1772,13,,
2%,11/25/2022,10:45 AM,11/25/22 10:45,15724,13,,
CO2 FREE,11/28/2022,8:45 AM,11/28/22 08:45,48,14,,27
2008,11/28/2022,8:45 AM,11/28/22 08:45,1991,14,,
2%,11/28/2022,8:45 AM,11/28/22 08:45,16456,14,,
1A,11/28/2022,8:45 AM,11/28/22 08:45,1736,14,,
1B,11/28/2022,8:45 AM,11/28/22 08:45,809,14,,
1C,11/28/2022,8:45 AM,11/28/22 08:45,836,14,,
2A,11/28/2022,8:45 AM,11/28/22 08:45,825,14,,
2B,11/28/2022,8:45 AM,11/28/22 08:45,645,14,,
2C,11/28/2022,8:45 AM,11/28/22 08:45,701,14,,
3A,11/28/2022,8:45 AM,11/28/22 08:45,848,14,,
3B,11/28/2022,8:45 AM,11/28/22 08:45,875,14,,
3C,11/28/2022,8:45 AM,11/28/22 08:45,698,14,,
4A,11/28/2022,8:45 AM,11/28/22 08:45,546,14,,
4B,11/28/2022,8:45 AM,11/28/22 08:45,533,14,,
4C,11/28/2022,8:45 AM,11/28/22 08:45,550,14,,
5A,11/28/2022,8:45 AM,11/28/22 08:45,712,14,,
5B,11/28/2022,8:45 AM,11/28/22 08:45,946,14,,
5C,11/28/2022,8:45 AM,11/28/22 08:45,742,14,,
6A,11/28/2022,8:45 AM,11/28/22 08:45,622,14,,
6B,11/28/2022,8:45 AM,11/28/22 08:45,705,14,,
6C,11/28/2022,8:45 AM,11/28/22 08:45,810,14,,
7A,11/28/2022,8:45 AM,11/28/22 08:45,669,14,,
7B,11/28/2022,8:45 AM,11/28/22 08:45,604,14,,
7C,11/28/2022,8:45 AM,11/28/22 08:45,701,14,,
8A,11/28/2022,8:45 AM,11/28/22 08:45,953,14,,
8B,11/28/2022,8:45 AM,11/28/22 08:45,935,14,,
8C,11/28/2022,8:45 AM,11/28/22 08:45,922,14,,
9A,11/28/2022,8:45 AM,11/28/22 08:45,1232,14,,
9B,11/28/2022,8:45 AM,11/28/22 08:45,1353,14,,
9C,11/28/2022,8:45 AM,11/28/22 08:45,1060,14,,
CO2 FREE,11/28/2022,8:45 AM,11/28/22 08:45,33,14,,
2008,11/28/2022,8:45 AM,11/28/22 08:45,1898,14,,
2%,11/28/2022,8:45 AM,11/28/22 08:45,16458,14,,
CO2 FREE,11/29/2022,8:30 AM,11/29/22 08:30,87,14,,28
2008,11/29/2022,8:30 AM,11/29/22 08:30,1803,14,,
2%,11/29/2022,8:30 AM,11/29/22 08:30,15386,14,,
1A,11/29/2022,8:30 AM,11/29/22 08:30,4829,14,,
1B,11/29/2022,8:30 AM,11/29/22 08:30,5368,14,,
1C,11/29/2022,8:30 AM,11/29/22 08:30,5376,14,,
2A,11/29/2022,8:30 AM,11/29/22 08:30,5018,14,,
2B,11/29/2022,8:30 AM,11/29/22 08:30,4849,14,,
2C,11/29/2022,8:30 AM,11/29/22 08:30,4861,14,,
3A,11/29/2022,8:30 AM,11/29/22 08:30,8438,14,,
3B,11/29/2022,8:30 AM,11/29/22 08:30,9660,14,,
3C,11/29/2022,8:30 AM,11/29/22 08:30,9161,14,,
4A,11/29/2022,8:30 AM,11/29/22 08:30,4456,14,,
4B,11/29/2022,8:30 AM,11/29/22 08:30,4446,14,,
4C,11/29/2022,8:30 AM,11/29/22 08:30,4393,14,,
5A,11/29/2022,8:30 AM,11/29/22 08:30,8671,14,,
5B,11/29/2022,8:30 AM,11/29/22 08:30,9285,14,,
5C,11/29/2022,8:30 AM,11/29/22 08:30,9093,14,,
6A,11/29/2022,8:30 AM,11/29/22 08:30,5298,14,,
6B,11/29/2022,8:30 AM,11/29/22 08:30,5353,14,,
6C,11/29/2022,8:30 AM,11/29/22 08:30,5652,14,,
7A,11/29/2022,8:30 AM,11/29/22 08:30,3240,14,,
7B,11/29/2022,8:30 AM,11/29/22 08:30,3132,14,,
7C,11/29/2022,8:30 AM,11/29/22 08:30,2871,14,,
8A,11/29/2022,8:30 AM,11/29/22 08:30,6126,14,,
8B,11/29/2022,8:30 AM,11/29/22 08:30,6415,14,,
8C,11/29/2022,8:30 AM,11/29/22 08:30,6603,14,,
9A,11/29/2022,8:30 AM,11/29/22 08:30,9466,14,,
9B,11/29/2022,8:30 AM,11/29/22 08:30,9726,14,,
9C,11/29/2022,8:30 AM,11/29/22 08:30,9237,14,,
CO2 FREE,11/29/2022,8:30 AM,11/29/22 08:30,86,14,,
2008,11/29/2022,8:30 AM,11/29/22 08:30,1807,14,,
2%,11/29/2022,8:30 AM,11/29/22 08:30,15461,14,,
CO2 FREE,11/30/2022,7:20 PM,11/30/22 19:20,243,15,,29
2008,11/30/2022,7:20 PM,11/30/22 19:20,1618,15,,
2%,11/30/2022,7:20 PM,11/30/22 19:20,13496,15,,
1A,11/30/2022,7:20 PM,11/30/22 19:20,809,15,,
1B,11/30/2022,7:20 PM,11/30/22 19:20,853,15,,
1C,11/30/2022,7:20 PM,11/30/22 19:20,769,15,,
2A,11/30/2022,7:20 PM,11/30/22 19:20,777,15,,
2B,11/30/2022,7:20 PM,11/30/22 19:20,604,15,,
2C,11/30/2022,7:20 PM,11/30/22 19:20,606,15,,
3A,11/30/2022,7:20 PM,11/30/22 19:20,757,15,,
3B,11/30/2022,7:20 PM,11/30/22 19:20,809,15,,
3C,11/30/2022,7:20 PM,11/30/22 19:20,743,15,,
4A,11/30/2022,7:20 PM,11/30/22 19:20,621,15,,
4B,11/30/2022,7:20 PM,11/30/22 19:20,580,15,,
4C,11/30/2022,7:20 PM,11/30/22 19:20,596,15,,
5A,11/30/2022,7:20 PM,11/30/22 19:20,1472,15,,
5B,11/30/2022,7:20 PM,11/30/22 19:20,904,15,,
5C,11/30/2022,7:20 PM,11/30/22 19:20,753,15,,
6A,11/30/2022,7:20 PM,11/30/22 19:20,622,15,,
6B,11/30/2022,7:20 PM,11/30/22 19:20,577,15,,
6C,11/30/2022,7:20 PM,11/30/22 19:20,820,15,,
7A,11/30/2022,7:20 PM,11/30/22 19:20,822,15,,
7B,11/30/2022,7:20 PM,11/30/22 19:20,561,15,,
7C,11/30/2022,7:20 PM,11/30/22 19:20,626,15,,
8A,11/30/2022,7:20 PM,11/30/22 19:20,776,15,,
8B,11/30/2022,7:20 PM,11/30/22 19:20,805,15,,
8C,11/30/2022,7:20 PM,11/30/22 19:20,831,15,,
9A,11/30/2022,7:20 PM,11/30/22 19:20,1007,15,,
9B,11/30/2022,7:20 PM,11/30/22 19:20,1054,15,,
9C,11/30/2022,7:20 PM,11/30/22 19:20,985,15,,
CO2 FREE,11/30/2022,7:20 PM,11/30/22 19:20,36,15,,
2008,11/30/2022,7:20 PM,11/30/22 19:20,1914,15,,
2%,11/30/2022,7:20 PM,11/30/22 19:20,16541,15,,
CO2 FREE,12/2/2022,7:00 AM,12/02/22 07:00,354,15,,31
2008,12/2/2022,7:00 AM,12/02/22 07:00,1754,15,,
2%,12/2/2022,7:00 AM,12/02/22 07:00,15456,15,,
1A,12/2/2022,7:00 AM,12/02/22 07:00,6498,15,,
1B,12/2/2022,7:00 AM,12/02/22 07:00,6827,15,,
1C,12/2/2022,7:00 AM,12/02/22 07:00,6294,15,,
2A,12/2/2022,7:00 AM,12/02/22 07:00,6369,15,,
2B,12/2/2022,7:00 AM,12/02/22 07:00,6086,15,,
2C,12/2/2022,7:00 AM,12/02/22 07:00,6069,15,,
3A,12/2/2022,7:00 AM,12/02/22 07:00,9963,15,,
3B,12/2/2022,7:00 AM,12/02/22 07:00,12496,15,,
3C,12/2/2022,7:00 AM,12/02/22 07:00,11261,15,,
4A,12/2/2022,7:00 AM,12/02/22 07:00,5811,15,,
4B,12/2/2022,7:00 AM,12/02/22 07:00,5727,15,,
4C,12/2/2022,7:00 AM,12/02/22 07:00,5668,15,,
5A,12/2/2022,7:00 AM,12/02/22 07:00,11903,15,,
5B,12/2/2022,7:00 AM,12/02/22 07:00,11951,15,,
5C,12/2/2022,7:00 AM,12/02/22 07:00,11844,15,,
6A,12/2/2022,7:00 AM,12/02/22 07:00,5541,15,,
6B,12/2/2022,7:00 AM,12/02/22 07:00,6601,15,,
6C,12/2/2022,7:00 AM,12/02/22 07:00,6867,15,,
7A,12/2/2022,7:00 AM,12/02/22 07:00,4325,15,,
7B,12/2/2022,7:00 AM,12/02/22 07:00,4003,15,,
7C,12/2/2022,7:00 AM,12/02/22 07:00,3666,15,,
8A,12/2/2022,7:00 AM,12/02/22 07:00,8031,15,,
8B,12/2/2022,7:00 AM,12/02/22 07:00,8478,15,,
8C,12/2/2022,7:00 AM,12/02/22 07:00,8757,15,,
9A,12/2/2022,7:00 AM,12/02/22 07:00,12299,15,,
9B,12/2/2022,7:00 AM,12/02/22 07:00,12684,15,,
9C,12/2/2022,7:00 AM,12/02/22 07:00,12698,15,,
CO2 FREE,12/2/2022,7:00 AM,12/02/22 07:00,402,15,,
2008,12/2/2022,7:00 AM,12/02/22 07:00,1786,15,,
2%,12/2/2022,7:00 AM,12/02/22 07:00,15346,15,,
CO2 FREE,12/4/2022,9:30 AM,12/04/22 09:30,73,16,,33
2008,12/4/2022,9:30 AM,12/04/22 09:30,1964,16,,
2%,12/4/2022,9:30 AM,12/04/22 09:30,16163,16,,
1A,12/4/2022,9:30 AM,12/04/22 09:30,734,16,,
1B,12/4/2022,9:30 AM,12/04/22 09:30,656,16,,
1C,12/4/2022,9:30 AM,12/04/22 09:30,629,16,,
2A,12/4/2022,9:30 AM,12/04/22 09:30,730,16,,
2B,12/4/2022,9:30 AM,12/04/22 09:30,640,16,,
2C,12/4/2022,9:30 AM,12/04/22 09:30,618,16,,
3A,12/4/2022,9:30 AM,12/04/22 09:30,685,16,,
3B,12/4/2022,9:30 AM,12/04/22 09:30,735,16,,
3C,12/4/2022,9:30 AM,12/04/22 09:30,880,16,,
4A,12/4/2022,9:30 AM,12/04/22 09:30,805,16,,
4B,12/4/2022,9:30 AM,12/04/22 09:30,672,16,,
4C,12/4/2022,9:30 AM,12/04/22 09:30,653,16,,
5A,12/4/2022,9:30 AM,12/04/22 09:30,821,16,,
5B,12/4/2022,9:30 AM,12/04/22 09:30,923,16,,
5C,12/4/2022,9:30 AM,12/04/22 09:30,802,16,,
6A,12/4/2022,9:30 AM,12/04/22 09:30,642,16,,
6B,12/4/2022,9:30 AM,12/04/22 09:30,750,16,,
6C,12/4/2022,9:30 AM,12/04/22 09:30,621,16,,
7A,12/4/2022,9:30 AM,12/04/22 09:30,521,16,,
7B,12/4/2022,9:30 AM,12/04/22 09:30,519,16,,
7C,12/4/2022,9:30 AM,12/04/22 09:30,638,16,,
8A,12/4/2022,9:30 AM,12/04/22 09:30,717,16,,
8B,12/4/2022,9:30 AM,12/04/22 09:30,689,16,,
8C,12/4/2022,9:30 AM,12/04/22 09:30,702,16,,
9A,12/4/2022,9:30 AM,12/04/22 09:30,930,16,,
9B,12/4/2022,9:30 AM,12/04/22 09:30,870,16,,
9C,12/4/2022,9:30 AM,12/04/22 09:30,963,16,,
CO2 FREE,12/4/2022,9:30 AM,12/04/22 09:30,54,16,,
2008,12/4/2022,9:30 AM,12/04/22 09:30,1902,16,,
2%,12/4/2022,9:30 AM,12/04/22 09:30,16353,16,,
CO2 FREE,12/5/2022,7:00 AM,12/05/22 07:00,441,16,,34
2008,12/5/2022,7:00 AM,12/05/22 07:00,1722,16,,
2%,12/5/2022,7:00 AM,12/05/22 07:00,15752,16,,
1A,12/5/2022,7:00 AM,12/05/22 07:00,3767,16,,
1B,12/5/2022,7:00 AM,12/05/22 07:00,3693,16,,
1C,12/5/2022,7:00 AM,12/05/22 07:00,3458,16,,
2A,12/5/2022,7:00 AM,12/05/22 07:00,3607,16,,
2B,12/5/2022,7:00 AM,12/05/22 07:00,3466,16,,
2C,12/5/2022,7:00 AM,12/05/22 07:00,3446,16,,
3A,12/5/2022,7:00 AM,12/05/22 07:00,5552,16,,
3B,12/5/2022,7:00 AM,12/05/22 07:00,7398,16,,
3C,12/5/2022,7:00 AM,12/05/22 07:00,6822,16,,
4A,12/5/2022,7:00 AM,12/05/22 07:00,3766,16,,
4B,12/5/2022,7:00 AM,12/05/22 07:00,3630,16,,
4C,12/5/2022,7:00 AM,12/05/22 07:00,3478,16,,
5A,12/5/2022,7:00 AM,12/05/22 07:00,7014,16,,
5B,12/5/2022,7:00 AM,12/05/22 07:00,7376,16,,
5C,12/5/2022,7:00 AM,12/05/22 07:00,7059,16,,
6A,12/5/2022,7:00 AM,12/05/22 07:00,3790,16,,
6B,12/5/2022,7:00 AM,12/05/22 07:00,4074,16,,
6C,12/5/2022,7:00 AM,12/05/22 07:00,3948,16,,
7A,12/5/2022,7:00 AM,12/05/22 07:00,2407,16,,
7B,12/5/2022,7:00 AM,12/05/22 07:00,2408,16,,
7C,12/5/2022,7:00 AM,12/05/22 07:00,2425,16,,
8A,12/5/2022,7:00 AM,12/05/22 07:00,5187,16,,
8B,12/5/2022,7:00 AM,12/05/22 07:00,5483,16,,
8C,12/5/2022,7:00 AM,12/05/22 07:00,5681,16,,
9A,12/5/2022,7:00 AM,12/05/22 07:00,8130,16,,
9B,12/5/2022,7:00 AM,12/05/22 07:00,8422,16,,
9C,12/5/2022,7:00 AM,12/05/22 07:00,8672,16,,
CO2 FREE,12/5/2022,7:00 AM,12/05/22 07:00,475,16,,
2008,12/5/2022,7:00 AM,12/05/22 07:00,1739,16,,
2%,12/5/2022,7:00 AM,12/05/22 07:00,15761,16,,
CO2 FREE,12/8/2022,10:30 AM,12/08/22 10:30,68,17,,37
2008,12/8/2022,10:30 AM,12/08/22 10:30,1955,17,,
2%,12/8/2022,10:30 AM,12/08/22 10:30,16373,17,,
1A,12/8/2022,10:30 AM,12/08/22 10:30,722,17,,
1B,12/8/2022,10:30 AM,12/08/22 10:30,710,17,,
1C,12/8/2022,10:30 AM,12/08/22 10:30,674,17,,
2A,12/8/2022,10:30 AM,12/08/22 10:30,608,17,,
2B,12/8/2022,10:30 AM,12/08/22 10:30,594,17,,
2C,12/8/2022,10:30 AM,12/08/22 10:30,662,17,,
3A,12/8/2022,10:30 AM,12/08/22 10:30,723,17,,
3B,12/8/2022,10:30 AM,12/08/22 10:30,756,17,,
3C,12/8/2022,10:30 AM,12/08/22 10:30,1088,17,,
4A,12/8/2022,10:30 AM,12/08/22 10:30,643,17,,
4B,12/8/2022,10:30 AM,12/08/22 10:30,651,17,,
4C,12/8/2022,10:30 AM,12/08/22 10:30,598,17,,
5A,12/8/2022,10:30 AM,12/08/22 10:30,749,17,,
5B,12/8/2022,10:30 AM,12/08/22 10:30,791,17,,
5C,12/8/2022,10:30 AM,12/08/22 10:30,827,17,,
6A,12/8/2022,10:30 AM,12/08/22 10:30,646,17,,
6B,12/8/2022,10:30 AM,12/08/22 10:30,636,17,,
6C,12/8/2022,10:30 AM,12/08/22 10:30,693,17,,
7A,12/8/2022,10:30 AM,12/08/22 10:30,725,17,,
7B,12/8/2022,10:30 AM,12/08/22 10:30,628,17,,
7C,12/8/2022,10:30 AM,12/08/22 10:30,598,17,,
8A,12/8/2022,10:30 AM,12/08/22 10:30,793,17,,
8B,12/8/2022,10:30 AM,12/08/22 10:30,813,17,,
8C,12/8/2022,10:30 AM,12/08/22 10:30,831,17,,
9A,12/8/2022,10:30 AM,12/08/22 10:30,1037,17,,
9B,12/8/2022,10:30 AM,12/08/22 10:30,1028,17,,
9C,12/8/2022,10:30 AM,12/08/22 10:30,1051,17,,
CO2 FREE,12/8/2022,10:30 AM,12/08/22 10:30,40,17,,
2008,12/8/2022,10:30 AM,12/08/22 10:30,1876,17,,
2%,12/8/2022,10:30 AM,12/08/22 10:30,16320,17,,
CO2 FREE,12/9/2022,9:15 AM,12/09/22 09:15,61,17,,38
2008,12/9/2022,9:15 AM,12/09/22 09:15,1720,17,,
2%,12/9/2022,9:15 AM,12/09/22 09:15,15663,17,,
1A,12/9/2022,9:15 AM,12/09/22 09:15,3627,17,,
1B,12/9/2022,9:15 AM,12/09/22 09:15,3659,17,,
1C,12/9/2022,9:15 AM,12/09/22 09:15,3403,17,,
2A,12/9/2022,9:15 AM,12/09/22 09:15,3483,17,,
2B,12/9/2022,9:15 AM,12/09/22 09:15,3469,17,,
2C,12/9/2022,9:15 AM,12/09/22 09:15,3525,17,,
3A,12/9/2022,9:15 AM,12/09/22 09:15,5225,17,,
3B,12/9/2022,9:15 AM,12/09/22 09:15,7239,17,,
3C,12/9/2022,9:15 AM,12/09/22 09:15,6413,17,,
4A,12/9/2022,9:15 AM,12/09/22 09:15,3433,17,,
4B,12/9/2022,9:15 AM,12/09/22 09:15,3452,17,,
4C,12/9/2022,9:15 AM,12/09/22 09:15,3228,17,,
5A,12/9/2022,9:15 AM,12/09/22 09:15,6786,17,,
5B,12/9/2022,9:15 AM,12/09/22 09:15,7093,17,,
5C,12/9/2022,9:15 AM,12/09/22 09:15,6967,17,,
6A,12/9/2022,9:15 AM,12/09/22 09:15,3492,17,,
6B,12/9/2022,9:15 AM,12/09/22 09:15,3617,17,,
6C,12/9/2022,9:15 AM,12/09/22 09:15,3711,17,,
7A,12/9/2022,9:15 AM,12/09/22 09:15,2497,17,,
7B,12/9/2022,9:15 AM,12/09/22 09:15,2388,17,,
7C,12/9/2022,9:15 AM,12/09/22 09:15,2261,17,,
8A,12/9/2022,9:15 AM,12/09/22 09:15,5079,17,,
8B,12/9/2022,9:15 AM,12/09/22 09:15,5354,17,,
8C,12/9/2022,9:15 AM,12/09/22 09:15,5567,17,,
9A,12/9/2022,9:15 AM,12/09/22 09:15,8178,17,,
9B,12/9/2022,9:15 AM,12/09/22 09:15,8324,17,,
9C,12/9/2022,9:15 AM,12/09/22 09:15,8781,17,,
CO2 FREE,12/9/2022,9:15 AM,12/09/22 09:15,80,17,,
2008,12/9/2022,9:15 AM,12/09/22 09:15,1768,17,,
2%,12/9/2022,9:15 AM,12/09/22 09:15,15631,17,,
CO2 FREE,12/12/2022,3:00 PM,12/12/22 15:00,87,18,,41
2008,12/12/2022,3:00 PM,12/12/22 15:00,1994,18,,
2%,12/12/2022,3:00 PM,12/12/22 15:00,16303,18,,
1A,12/12/2022,3:00 PM,12/12/22 15:00,574,18,,
1B,12/12/2022,3:00 PM,12/12/22 15:00,571,18,,
1C,12/12/2022,3:00 PM,12/12/22 15:00,655,18,,
2A,12/12/2022,3:00 PM,12/12/22 15:00,616,18,,
2B,12/12/2022,3:00 PM,12/12/22 15:00,643,18,,
2C,12/12/2022,3:00 PM,12/12/22 15:00,718,18,,
3A,12/12/2022,3:00 PM,12/12/22 15:00,633,18,,
3B,12/12/2022,3:00 PM,12/12/22 15:00,905,18,,
3C,12/12/2022,3:00 PM,12/12/22 15:00,948,18,,
4A,12/12/2022,3:00 PM,12/12/22 15:00,728,18,,
4B,12/12/2022,3:00 PM,12/12/22 15:00,587,18,,
4C,12/12/2022,3:00 PM,12/12/22 15:00,545,18,,
5A,12/12/2022,3:00 PM,12/12/22 15:00,743,18,,
5B,12/12/2022,3:00 PM,12/12/22 15:00,824,18,,
5C,12/12/2022,3:00 PM,12/12/22 15:00,682,18,,
6A,12/12/2022,3:00 PM,12/12/22 15:00,590,18,,
6B,12/12/2022,3:00 PM,12/12/22 15:00,693,18,,
6C,12/12/2022,3:00 PM,12/12/22 15:00,683,18,,
7A,12/12/2022,3:00 PM,12/12/22 15:00,557,18,,
7B,12/12/2022,3:00 PM,12/12/22 15:00,542,18,,
7C,12/12/2022,3:00 PM,12/12/22 15:00,611,18,,
8A,12/12/2022,3:00 PM,12/12/22 15:00,746,18,,
8B,12/12/2022,3:00 PM,12/12/22 15:00,783,18,,
8C,12/12/2022,3:00 PM,12/12/22 15:00,797,18,,
9A,12/12/2022,3:00 PM,12/12/22 15:00,868,18,,
9B,12/12/2022,3:00 PM,12/12/22 15:00,909,18,,
9C,12/12/2022,3:00 PM,12/12/22 15:00,951,18,,
CO2 FREE,12/12/2022,3:00 PM,12/12/22 15:00,51,18,,
2008,12/12/2022,3:00 PM,12/12/22 15:00,1919,18,,
2%,12/12/2022,3:00 PM,12/12/22 15:00,16480,18,,
CO2 FREE,12/13/2022,9:15 AM,12/13/22 09:15,65,18,,42
2008,12/13/2022,9:15 AM,12/13/22 09:15,1783,18,,
2%,12/13/2022,9:15 AM,12/13/22 09:15,15616,18,,
1A,12/13/2022,9:15 AM,12/13/22 09:15,2607,18,,
1B,12/13/2022,9:15 AM,12/13/22 09:15,2712,18,,
1C,12/13/2022,9:15 AM,12/13/22 09:15,2536,18,,
2A,12/13/2022,9:15 AM,12/13/22 09:15,2608,18,,
2B,12/13/2022,9:15 AM,12/13/22 09:15,2603,18,,
2C,12/13/2022,9:15 AM,12/13/22 09:15,2697,18,,
3A,12/13/2022,9:15 AM,12/13/22 09:15,3898,18,,
3B,12/13/2022,9:15 AM,12/13/22 09:15,5303,18,,
3C,12/13/2022,9:15 AM,12/13/22 09:15,4829,18,,
4A,12/13/2022,9:15 AM,12/13/22 09:15,2752,18,,
4B,12/13/2022,9:15 AM,12/13/22 09:15,2623,18,,
4C,12/13/2022,9:15 AM,12/13/22 09:15,2560,18,,
5A,12/13/2022,9:15 AM,12/13/22 09:15,5144,18,,
5B,12/13/2022,9:15 AM,12/13/22 09:15,5392,18,,
5C,12/13/2022,9:15 AM,12/13/22 09:15,5359,18,,
6A,12/13/2022,9:15 AM,12/13/22 09:15,2703,18,,
6B,12/13/2022,9:15 AM,12/13/22 09:15,2675,18,,
6C,12/13/2022,9:15 AM,12/13/22 09:15,2690,18,,
7A,12/13/2022,9:15 AM,12/13/22 09:15,1855,18,,
7B,12/13/2022,9:15 AM,12/13/22 09:15,1838,18,,
7C,12/13/2022,9:15 AM,12/13/22 09:15,1865,18,,
8A,12/13/2022,9:15 AM,12/13/22 09:15,3995,18,,
8B,12/13/2022,9:15 AM,12/13/22 09:15,4220,18,,
8C,12/13/2022,9:15 AM,12/13/22 09:15,4319,18,,
9A,12/13/2022,9:15 AM,12/13/22 09:15,6429,18,,
9B,12/13/2022,9:15 AM,12/13/22 09:15,6554,18,,
9C,12/13/2022,9:15 AM,12/13/22 09:15,7385,18,,
CO2 FREE,12/13/2022,9:15 AM,12/13/22 09:15,81,18,,
2008,12/13/2022,9:15 AM,12/13/22 09:15,1786,18,,
2%,12/13/2022,9:15 AM,12/13/22 09:15,15464,18,,
CO2 FREE,12/15/2022,10:30 AM,12/15/22 10:30,19,19,,44
2008,12/15/2022,10:30 AM,12/15/22 10:30,1932,19,,
2%,12/15/2022,10:30 AM,12/15/22 10:30,16480,19,,
1A,12/15/2022,10:30 AM,12/15/22 10:30,550,19,,
1B,12/15/2022,10:30 AM,12/15/22 10:30,514,19,,
1C,12/15/2022,10:30 AM,12/15/22 10:30,494,19,,
2A,12/15/2022,10:30 AM,12/15/22 10:30,477,19,,
2B,12/15/2022,10:30 AM,12/15/22 10:30,472,19,,
2C,12/15/2022,10:30 AM,12/15/22 10:30,474,19,,
3A,12/15/2022,10:30 AM,12/15/22 10:30,482,19,,
3B,12/15/2022,10:30 AM,12/15/22 10:30,496,19,,
3C,12/15/2022,10:30 AM,12/15/22 10:30,490,19,,
4A,12/15/2022,10:30 AM,12/15/22 10:30,470,19,,
4B,12/15/2022,10:30 AM,12/15/22 10:30,463,19,,
4C,12/15/2022,10:30 AM,12/15/22 10:30,461,19,,
5A,12/15/2022,10:30 AM,12/15/22 10:30,498,19,,
5B,12/15/2022,10:30 AM,12/15/22 10:30,501,19,,
5C,12/15/2022,10:30 AM,12/15/22 10:30,511,19,,
6A,12/15/2022,10:30 AM,12/15/22 10:30,470,19,,
6B,12/15/2022,10:30 AM,12/15/22 10:30,468,19,,
6C,12/15/2022,10:30 AM,12/15/22 10:30,466,19,,
7A,12/15/2022,10:30 AM,12/15/22 10:30,461,19,,
7B,12/15/2022,10:30 AM,12/15/22 10:30,464,19,,
7C,12/15/2022,11:22 AM,12/15/22 11:22,462,19,,
8A,12/15/2022,11:22 AM,12/15/22 11:22,479,19,,
8B,12/15/2022,11:22 AM,12/15/22 11:22,489,19,,
8C,12/15/2022,11:22 AM,12/15/22 11:22,503,19,,
9A,12/15/2022,11:22 AM,12/15/22 11:22,550,19,,
9B,12/15/2022,11:22 AM,12/15/22 11:22,552,19,,
9C,12/15/2022,11:22 AM,12/15/22 11:22,549,19,,
CO2 FREE,12/15/2022,11:22 AM,12/15/22 11:22,17,19,,
2008,12/15/2022,11:22 AM,12/15/22 11:22,1925,19,,
2%,12/15/2022,11:22 AM,12/15/22 11:22,16488,19,,
CO2 FREE,12/19/2022,9:30 AM,12/19/22 09:30,20,19,,48
2008,12/19/2022,9:30 AM,12/19/22 09:30,1938,19,,
2%,12/19/2022,9:30 AM,12/19/22 09:30,16640,19,,
1A,12/19/2022,9:30 AM,12/19/22 09:30,9881,19,,
1B,12/19/2022,9:30 AM,12/19/22 09:30,10647,19,,
1C,12/19/2022,9:30 AM,12/19/22 09:30,9517,19,,
2A,12/19/2022,9:30 AM,12/19/22 09:30,10178,19,,
2B,12/19/2022,9:30 AM,12/19/22 09:30,10236,19,,
2C,12/19/2022,9:30 AM,12/19/22 09:30,10072,19,,
3A,12/19/2022,9:30 AM,12/19/22 09:30,14739,19,,
3B,12/19/2022,9:30 AM,12/19/22 09:30,17726,19,,
3C,12/19/2022,9:30 AM,12/19/22 09:30,16629,19,,
4A,12/19/2022,9:30 AM,12/19/22 09:30,9646,19,,
4B,12/19/2022,9:30 AM,12/19/22 09:30,9790,19,,
4C,12/19/2022,9:30 AM,12/19/22 09:30,10062,19,,
5A,12/19/2022,9:30 AM,12/19/22 09:30,19023,19,,
5B,12/19/2022,9:30 AM,12/19/22 09:30,18942,19,,
5C,12/19/2022,9:30 AM,12/19/22 09:30,18852,19,,
6A,12/19/2022,9:30 AM,12/19/22 09:30,10227,19,,
6B,12/19/2022,9:30 AM,12/19/22 09:30,9691,19,,
6C,12/19/2022,9:30 AM,12/19/22 09:30,9829,19,,
7A,12/19/2022,9:30 AM,12/19/22 09:30,6813,19,,
7B,12/19/2022,9:30 AM,12/19/22 09:30,6831,19,,
7C,12/19/2022,10:00 AM,12/19/22 10:00,6354,19,,
8A,12/19/2022,10:00 AM,12/19/22 10:00,16057,19,,
8B,12/19/2022,10:00 AM,12/19/22 10:00,16616,19,,
8C,12/19/2022,10:00 AM,12/19/22 10:00,16098,19,,
9A,12/19/2022,10:00 AM,12/19/22 10:00,22541,19,,
9B,12/19/2022,10:00 AM,12/19/22 10:00,22503,19,,
9C,12/19/2022,10:00 AM,12/19/22 10:00,25237,19,,
CO2 FREE,12/19/2022,10:00 AM,12/19/22 10:00,36,19,,
2008,12/19/2022,10:00 AM,12/19/22 10:00,1945,19,,
2%,12/19/2022,10:00 AM,12/19/22 10:00,16595,19,,
CO2 FREE,1/4/2023,10:00 AM,01/04/23 10:00,35,20,,64
2008,1/4/2023,10:00 AM,01/04/23 10:00,1973,20,,
2%,1/4/2023,10:00 AM,01/04/23 10:00,16747,20,,
1A,1/4/2023,10:00 AM,01/04/23 10:00,597,20,,
1B,1/4/2023,10:00 AM,01/04/23 10:00,546,20,,
1C,1/4/2023,10:00 AM,01/04/23 10:00,538,20,,
2A,1/4/2023,10:00 AM,01/04/23 10:00,510,20,,
2B,1/4/2023,10:00 AM,01/04/23 10:00,513,20,,
2C,1/4/2023,10:00 AM,01/04/23 10:00,513,20,,
3A,1/4/2023,10:00 AM,01/04/23 10:00,522,20,,
3B,1/4/2023,10:00 AM,01/04/23 10:00,527,20,,
3C,1/4/2023,10:00 AM,01/04/23 10:00,508,20,,
4A,1/4/2023,10:00 AM,01/04/23 10:00,514,20,,
4B,1/4/2023,10:00 AM,01/04/23 10:00,492,20,,
4C,1/4/2023,10:00 AM,01/04/23 10:00,490,20,,
5A,1/4/2023,10:00 AM,01/04/23 10:00,570,20,,
5B,1/4/2023,10:00 AM,01/04/23 10:00,657,20,,
5C,1/4/2023,10:00 AM,01/04/23 10:00,702,20,,
6A,1/4/2023,10:00 AM,01/04/23 10:00,506,20,,
6B,1/4/2023,10:00 AM,01/04/23 10:00,519,20,,
6C,1/4/2023,10:00 AM,01/04/23 10:00,555,20,,
7A,1/4/2023,10:00 AM,01/04/23 10:00,566,20,,
7B,1/4/2023,10:00 AM,01/04/23 10:00,531,20,,
7C,1/4/2023,10:45 AM,01/04/23 10:45,476,20,,
8A,1/4/2023,10:45 AM,01/04/23 10:45,496,20,,
8B,1/4/2023,10:45 AM,01/04/23 10:45,577,20,,
8C,1/4/2023,10:45 AM,01/04/23 10:45,487,20,,
9A,1/4/2023,10:45 AM,01/04/23 10:45,529,20,,
9B,1/4/2023,10:45 AM,01/04/23 10:45,527,20,,
9C,1/4/2023,10:45 AM,01/04/23 10:45,688,20,,
CO2 FREE,1/4/2023,10:45 AM,01/04/23 10:45,17,20,,
2008,1/4/2023,10:45 AM,01/04/23 10:45,1925,20,,
2%,1/4/2023,10:45 AM,01/04/23 10:45,16576,20,,
CO2 FREE,1/5/2023,9:30 AM,01/05/23 09:30,20,20,,65
2008,1/5/2023,9:30 AM,01/05/23 09:30,2002,20,,
2%,1/5/2023,9:30 AM,01/05/23 09:30,16788,20,,
1A,1/5/2023,9:30 AM,01/05/23 09:30,2690,20,,
1B,1/5/2023,9:30 AM,01/05/23 09:30,2636,20,,
1C,1/5/2023,9:30 AM,01/05/23 09:30,2410,20,,
2A,1/5/2023,9:30 AM,01/05/23 09:30,2249,20,,
2B,1/5/2023,9:30 AM,01/05/23 09:30,2278,20,,
2C,1/5/2023,9:30 AM,01/05/23 09:30,2235,20,,
3A,1/5/2023,9:30 AM,01/05/23 09:30,3292,20,,
3B,1/5/2023,9:30 AM,01/05/23 09:30,3737,20,,
3C,1/5/2023,9:30 AM,01/05/23 09:30,3496,20,,
4A,1/5/2023,9:30 AM,01/05/23 09:30,2309,20,,
4B,1/5/2023,9:30 AM,01/05/23 09:30,2435,20,,
4C,1/5/2023,9:30 AM,01/05/23 09:30,2455,20,,
5A,1/5/2023,9:30 AM,01/05/23 09:30,5515,20,,
5B,1/5/2023,9:30 AM,01/05/23 09:30,5427,20,,
5C,1/5/2023,9:30 AM,01/05/23 09:30,5376,20,,
6A,1/5/2023,9:30 AM,01/05/23 09:30,2334,20,,
6B,1/5/2023,9:30 AM,01/05/23 09:30,2113,20,,
6C,1/5/2023,9:30 AM,01/05/23 09:30,2267,20,,
7A,1/5/2023,9:30 AM,01/05/23 09:30,2075,20,,
7B,1/5/2023,9:30 AM,01/05/23 09:30,2073,20,,
7C,1/5/2023,10:00 AM,01/05/23 10:00,1842,20,,
8A,1/5/2023,10:00 AM,01/05/23 10:00,4630,20,,
8B,1/5/2023,10:00 AM,01/05/23 10:00,4670,20,,
8C,1/5/2023,10:00 AM,01/05/23 10:00,4144,20,,
9A,1/5/2023,10:00 AM,01/05/23 10:00,10714,20,,
9B,1/5/2023,10:00 AM,01/05/23 10:00,10020,20,,
9C,1/5/2023,10:00 AM,01/05/23 10:00,14118,20,,
CO2 FREE,1/5/2023,10:00 AM,01/05/23 10:00,12,20,,
2008,1/5/2023,10:00 AM,01/05/23 10:00,1962,20,,
2%,1/5/2023,10:00 AM,01/05/23 10:00,16575,20,,
CO2 FREE,1/10/2023,4:30 PM,01/10/23 16:30,47,21,,70
2008,1/10/2023,4:30 PM,01/10/23 16:30,1992,21,,
2%,1/10/2023,4:30 PM,01/10/23 16:30,16422,21,,
1A,1/10/2023,4:30 PM,01/10/23 16:30,638,21,,
1B,1/10/2023,4:30 PM,01/10/23 16:30,626,21,,
1C,1/10/2023,4:30 PM,01/10/23 16:30,579,21,,
2A,1/10/2023,4:30 PM,01/10/23 16:30,548,21,,
2B,1/10/2023,4:30 PM,01/10/23 16:30,617,21,,
2C,1/10/2023,4:30 PM,01/10/23 16:30,611,21,,
3A,1/10/2023,4:30 PM,01/10/23 16:30,684,21,,
3B,1/10/2023,4:30 PM,01/10/23 16:30,655,21,,
3C,1/10/2023,4:30 PM,01/10/23 16:30,577,21,,
4A,1/10/2023,4:30 PM,01/10/23 16:30,543,21,,
4B,1/10/2023,4:30 PM,01/10/23 16:30,517,21,,
4C,1/10/2023,4:30 PM,01/10/23 16:30,531,21,,
5A,1/10/2023,4:30 PM,01/10/23 16:30,717,21,,
5B,1/10/2023,4:30 PM,01/10/23 16:30,647,21,,
5C,1/10/2023,4:30 PM,01/10/23 16:30,655,21,,
6A,1/10/2023,4:30 PM,01/10/23 16:30,533,21,,
6B,1/10/2023,4:30 PM,01/10/23 16:30,509,21,,
6C,1/10/2023,4:30 PM,01/10/23 16:30,531,21,,
7A,1/10/2023,4:30 PM,01/10/23 16:30,543,21,,
7B,1/10/2023,4:30 PM,01/10/23 16:30,545,21,,
7C,1/10/2023,4:45 PM,01/10/23 16:45,775,21,,
8A,1/10/2023,4:45 PM,01/10/23 16:45,894,21,,
8B,1/10/2023,4:45 PM,01/10/23 16:45,1009,21,,
8C,1/10/2023,4:45 PM,01/10/23 16:45,1082,21,,
9A,1/10/2023,4:45 PM,01/10/23 16:45,1543,21,,
9B,1/10/2023,4:45 PM,01/10/23 16:45,1106,21,,
9C,1/10/2023,4:45 PM,01/10/23 16:45,1223,21,,
CO2 FREE,1/10/2023,4:45 PM,01/10/23 16:45,27,21,,
2008,1/10/2023,4:45 PM,01/10/23 16:45,1886,21,,
2%,1/10/2023,4:45 PM,01/10/23 16:45,16318,21,,
CO2 FREE,1/11/2023,3:45 PM,01/11/23 15:45,81,21,,71
2008,1/11/2023,3:45 PM,01/11/23 15:45,1781,21,,
2%,1/11/2023,3:45 PM,01/11/23 15:45,15658,21,,
1A,1/11/2023,3:45 PM,01/11/23 15:45,2323,21,,
1B,1/11/2023,3:45 PM,01/11/23 15:45,2182,21,,
1C,1/11/2023,3:45 PM,01/11/23 15:45,2058,21,,
2A,1/11/2023,3:45 PM,01/11/23 15:45,2077,21,,
2B,1/11/2023,3:45 PM,01/11/23 15:45,2097,21,,
2C,1/11/2023,3:45 PM,01/11/23 15:45,2037,21,,
3A,1/11/2023,3:45 PM,01/11/23 15:45,3010,21,,
3B,1/11/2023,3:45 PM,01/11/23 15:45,3368,21,,
3C,1/11/2023,3:45 PM,01/11/23 15:45,3321,21,,
4A,1/11/2023,3:45 PM,01/11/23 15:45,2287,21,,
4B,1/11/2023,3:45 PM,01/11/23 15:45,2382,21,,
4C,1/11/2023,3:45 PM,01/11/23 15:45,2437,21,,
5A,1/11/2023,3:45 PM,01/11/23 15:45,5563,21,,
5B,1/11/2023,3:45 PM,01/11/23 15:45,5340,21,,
5C,1/11/2023,3:45 PM,01/11/23 15:45,5065,21,,
6A,1/11/2023,3:45 PM,01/11/23 15:45,2041,21,,
6B,1/11/2023,3:45 PM,01/11/23 15:45,1979,21,,
6C,1/11/2023,3:45 PM,01/11/23 15:45,2052,21,,
7A,1/11/2023,3:45 PM,01/11/23 15:45,1926,21,,
7B,1/11/2023,3:45 PM,01/11/23 15:45,1827,21,,
7C,1/11/2023,4:10 PM,01/11/23 16:10,2079,21,,
8A,1/11/2023,4:10 PM,01/11/23 16:10,4723,21,,
8B,1/11/2023,4:10 PM,01/11/23 16:10,4728,21,,
8C,1/11/2023,4:10 PM,01/11/23 16:10,4357,21,,
9A,1/11/2023,4:10 PM,01/11/23 16:10,11322,21,,
9B,1/11/2023,4:10 PM,01/11/23 16:10,8896,21,,
9C,1/11/2023,4:10 PM,01/11/23 16:10,11375,21,,
CO2 FREE,1/11/2023,4:10 PM,01/11/23 16:10,109,21,,
2008,1/11/2023,4:10 PM,01/11/23 16:10,1864,21,,
2%,1/11/2023,4:10 PM,01/11/23 16:10,15756,21,,
CO2 FREE,1/17/2023,3:00 PM,01/17/23 15:00,49,22,,77
2008,1/17/2023,3:00 PM,01/17/23 15:00,1986,22,,
2%,1/17/2023,3:00 PM,01/17/23 15:00,16012,22,,
1A,1/17/2023,3:00 PM,01/17/23 15:00,542,22,,
1B,1/17/2023,3:00 PM,01/17/23 15:00,559,22,,
1C,1/17/2023,3:00 PM,01/17/23 15:00,657,22,,
2A,1/17/2023,3:00 PM,01/17/23 15:00,563,22,,
2B,1/17/2023,3:00 PM,01/17/23 15:00,525,22,,
2C,1/17/2023,3:00 PM,01/17/23 15:00,565,22,,
3A,1/17/2023,3:00 PM,01/17/23 15:00,671,22,,
3B,1/17/2023,3:00 PM,01/17/23 15:00,683,22,,
3C,1/17/2023,3:00 PM,01/17/23 15:00,610,22,,
4A,1/17/2023,3:00 PM,01/17/23 15:00,551,22,,
4B,1/17/2023,3:00 PM,01/17/23 15:00,532,22,,
4C,1/17/2023,3:00 PM,01/17/23 15:00,533,22,,
5A,1/17/2023,3:00 PM,01/17/23 15:00,691,22,,
5B,1/17/2023,3:00 PM,01/17/23 15:00,711,22,,
5C,1/17/2023,3:00 PM,01/17/23 15:00,677,22,,
6A,1/17/2023,3:00 PM,01/17/23 15:00,530,22,,
6B,1/17/2023,3:00 PM,01/17/23 15:00,847,22,,
6C,1/17/2023,3:00 PM,01/17/23 15:00,681,22,,
7A,1/17/2023,3:00 PM,01/17/23 15:00,550,22,,
7B,1/17/2023,3:00 PM,01/17/23 15:00,543,22,,
7C,1/17/2023,3:30 PM,01/17/23 15:30,663,22,,
8A,1/17/2023,3:30 PM,01/17/23 15:30,801,22,,
8B,1/17/2023,3:30 PM,01/17/23 15:30,779,22,,
8C,1/17/2023,3:30 PM,01/17/23 15:30,707,22,,
9A,1/17/2023,3:30 PM,01/17/23 15:30,1072,22,,
9B,1/17/2023,3:30 PM,01/17/23 15:30,977,22,,
9C,1/17/2023,3:30 PM,01/17/23 15:30,1111,22,,
CO2 FREE,1/17/2023,3:30 PM,01/17/23 15:30,18,22,,
2008,1/17/2023,3:30 PM,01/17/23 15:30,1884,22,,
2%,1/17/2023,3:30 PM,01/17/23 15:30,16057,22,,
CO2 FREE,1/18/2023,9:00 AM,01/18/23 09:00,153,22,,78
2008,1/18/2023,9:00 AM,01/18/23 09:00,1782,22,,
2%,1/18/2023,9:00 AM,01/18/23 09:00,15553,22,,
1A,1/18/2023,9:00 AM,01/18/23 09:00,1736,22,,
1B,1/18/2023,9:00 AM,01/18/23 09:00,1669,22,,
1C,1/18/2023,9:00 AM,01/18/23 09:00,1712,22,,
2A,1/18/2023,9:00 AM,01/18/23 09:00,1654,22,,
2B,1/18/2023,9:00 AM,01/18/23 09:00,1608,22,,
2C,1/18/2023,9:00 AM,01/18/23 09:00,1621,22,,
3A,1/18/2023,9:00 AM,01/18/23 09:00,2362,22,,
3B,1/18/2023,9:00 AM,01/18/23 09:00,2615,22,,
3C,1/18/2023,9:00 AM,01/18/23 09:00,2421,22,,
4A,1/18/2023,9:00 AM,01/18/23 09:00,1844,22,,
4B,1/18/2023,9:00 AM,01/18/23 09:00,1903,22,,
4C,1/18/2023,9:00 AM,01/18/23 09:00,1948,22,,
5A,1/18/2023,9:00 AM,01/18/23 09:00,4240,22,,
5B,1/18/2023,9:00 AM,01/18/23 09:00,4226,22,,
5C,1/18/2023,9:00 AM,01/18/23 09:00,4127,22,,
6A,1/18/2023,9:00 AM,01/18/23 09:00,1623,22,,
6B,1/18/2023,9:00 AM,01/18/23 09:00,1837,22,,
6C,1/18/2023,9:00 AM,01/18/23 09:00,1742,22,,
7A,1/18/2023,9:00 AM,01/18/23 09:00,1634,22,,
7B,1/18/2023,9:00 AM,01/18/23 09:00,1545,22,,
7C,1/18/2023,9:30 AM,01/18/23 09:30,1646,22,,
8A,1/18/2023,9:30 AM,01/18/23 09:30,3597,22,,
8B,1/18/2023,9:30 AM,01/18/23 09:30,3414,22,,
8C,1/18/2023,9:30 AM,01/18/23 09:30,3060,22,,
9A,1/18/2023,9:30 AM,01/18/23 09:30,7520,22,,
9B,1/18/2023,9:30 AM,01/18/23 09:30,6218,22,,
9C,1/18/2023,9:30 AM,01/18/23 09:30,6685,22,,
CO2 FREE,1/18/2023,9:30 AM,01/18/23 09:30,161,22,,
2008,1/18/2023,9:30 AM,01/18/23 09:30,1779,22,,
2%,1/18/2023,9:30 AM,01/18/23 09:30,15643,22,,
CO2 FREE,1/23/2023,3:00 PM,01/23/23 15:00,39,23,,83
2008,1/23/2023,3:00 PM,01/23/23 15:00,1870,23,,
2%,1/23/2023,3:00 PM,01/23/23 15:00,16624,23,,
1A,1/23/2023,3:00 PM,01/23/23 15:00,593,23,,
1B,1/23/2023,3:00 PM,01/23/23 15:00,607,23,,
1C,1/23/2023,3:00 PM,01/23/23 15:00,685,23,,
2A,1/23/2023,3:00 PM,01/23/23 15:00,632,23,,
2B,1/23/2023,3:00 PM,01/23/23 15:00,563,23,,
2C,1/23/2023,3:00 PM,01/23/23 15:00,558,23,,
3A,1/23/2023,3:00 PM,01/23/23 15:00,624,23,,
3B,1/23/2023,3:00 PM,01/23/23 15:00,615,23,,
3C,1/23/2023,3:00 PM,01/23/23 15:00,560,23,,
4A,1/23/2023,3:00 PM,01/23/23 15:00,556,23,,
4B,1/23/2023,3:00 PM,01/23/23 15:00,583,23,,
4C,1/23/2023,3:00 PM,01/23/23 15:00,570,23,,
5A,1/23/2023,3:00 PM,01/23/23 15:00,637,23,,
5B,1/23/2023,3:00 PM,01/23/23 15:00,620,23,,
5C,1/23/2023,3:00 PM,01/23/23 15:00,640,23,,
6A,1/23/2023,3:00 PM,01/23/23 15:00,597,23,,
6B,1/23/2023,3:00 PM,01/23/23 15:00,560,23,,
6C,1/23/2023,3:00 PM,01/23/23 15:00,575,23,,
7A,1/23/2023,3:00 PM,01/23/23 15:00,562,23,,
7B,1/23/2023,3:00 PM,01/23/23 15:00,555,23,,
7C,1/23/2023,3:20 PM,01/23/23 15:20,611,23,,
8A,1/23/2023,3:20 PM,01/23/23 15:20,794,23,,
8B,1/23/2023,3:20 PM,01/23/23 15:20,764,23,,
8C,1/23/2023,3:20 PM,01/23/23 15:20,700,23,,
9A,1/23/2023,3:20 PM,01/23/23 15:20,921,23,,
9B,1/23/2023,3:20 PM,01/23/23 15:20,853,23,,
9C,1/23/2023,3:20 PM,01/23/23 15:20,964,23,,
CO2 FREE,1/23/2023,3:20 PM,01/23/23 15:20,24,23,,
2008,1/23/2023,3:20 PM,01/23/23 15:20,1789,23,,
2%,1/23/2023,3:20 PM,01/23/23 15:20,16491,23,,
CO2 FREE,1/24/2023,9:30 AM,01/24/23 09:30,82,23,,84
2008,1/24/2023,9:30 AM,01/24/23 09:30,1343,23,,
2%,1/24/2023,9:30 AM,01/24/23 09:30,15934,23,,
1A,1/24/2023,9:30 AM,01/24/23 09:30,1804,23,,
1B,1/24/2023,9:30 AM,01/24/23 09:30,1720,23,,
1C,1/24/2023,9:30 AM,01/24/23 09:30,1739,23,,
2A,1/24/2023,9:30 AM,01/24/23 09:30,1681,23,,
2B,1/24/2023,9:30 AM,01/24/23 09:30,1628,23,,
2C,1/24/2023,9:30 AM,01/24/23 09:30,1581,23,,
3A,1/24/2023,9:30 AM,01/24/23 09:30,2184,23,,
3B,1/24/2023,9:30 AM,01/24/23 09:30,2363,23,,
3C,1/24/2023,9:30 AM,01/24/23 09:30,2250,23,,
4A,1/24/2023,9:30 AM,01/24/23 09:30,1957,23,,
4B,1/24/2023,9:30 AM,01/24/23 09:30,2022,23,,
4C,1/24/2023,9:30 AM,01/24/23 09:30,2082,23,,
5A,1/24/2023,9:30 AM,01/24/23 09:30,4324,23,,
5B,1/24/2023,9:30 AM,01/24/23 09:30,4335,23,,
5C,1/24/2023,9:30 AM,01/24/23 09:30,4287,23,,
6A,1/24/2023,9:30 AM,01/24/23 09:30,1753,23,,
6B,1/24/2023,9:30 AM,01/24/23 09:30,1559,23,,
6C,1/24/2023,9:30 AM,01/24/23 09:30,1697,23,,
7A,1/24/2023,9:30 AM,01/24/23 09:30,1769,23,,
7B,1/24/2023,9:30 AM,01/24/23 09:30,1656,23,,
7C,1/24/2023,9:30 AM,01/24/23 09:30,1655,23,,
8A,1/24/2023,9:30 AM,01/24/23 09:30,3511,23,,
8B,1/24/2023,9:30 AM,01/24/23 09:30,3319,23,,
8C,1/24/2023,9:30 AM,01/24/23 09:30,3040,23,,
9A,1/24/2023,9:30 AM,01/24/23 09:30,6459,23,,
9B,1/24/2023,9:30 AM,01/24/23 09:30,5653,23,,
9C,1/24/2023,9:30 AM,01/24/23 09:30,5764,23,,
CO2 FREE,1/24/2023,9:30 AM,01/24/23 09:30,93,23,,
2008,1/24/2023,9:30 AM,01/24/23 09:30,1321,23,,
2%,1/24/2023,9:30 AM,01/24/23 09:30,15885,23,,
CO2 FREE,2/3/2023,4:30 PM,02/03/23 16:30,78,24,,94
2008,2/3/2023,4:30 PM,02/03/23 16:30,1188,24,,
2%,2/3/2023,4:30 PM,02/03/23 16:30,15785,24,,
1A,2/3/2023,4:30 PM,02/03/23 16:30,638,24,,
1B,2/3/2023,4:30 PM,02/03/23 16:30,650,24,,
1C,2/3/2023,4:30 PM,02/03/23 16:30,711,24,,
2A,2/3/2023,4:30 PM,02/03/23 16:30,578,24,,
2B,2/3/2023,4:30 PM,02/03/23 16:30,625,24,,
2C,2/3/2023,4:30 PM,02/03/23 16:30,730,24,,
3A,2/3/2023,4:30 PM,02/03/23 16:30,547,24,,
3B,2/3/2023,4:30 PM,02/03/23 16:30,766,24,,
3C,2/3/2023,4:30 PM,02/03/23 16:30,691,24,,
4A,2/3/2023,4:30 PM,02/03/23 16:30,734,24,,
4B,2/3/2023,4:30 PM,02/03/23 16:30,625,24,,
4C,2/3/2023,4:30 PM,02/03/23 16:30,927,24,,
5A,2/3/2023,4:30 PM,02/03/23 16:30,762,24,,
5B,2/3/2023,4:30 PM,02/03/23 16:30,767,24,,
5C,2/3/2023,4:30 PM,02/03/23 16:30,759,24,,
6A,2/3/2023,4:30 PM,02/03/23 16:30,678,24,,
6B,2/3/2023,4:30 PM,02/03/23 16:30,568,24,,
6C,2/3/2023,4:30 PM,02/03/23 16:30,679,24,,
7A,2/3/2023,4:30 PM,02/03/23 16:30,660,24,,
7B,2/3/2023,4:30 PM,02/03/23 16:30,644,24,,
7C,2/3/2023,5:00 PM,02/03/23 17:00,628,24,,
8A,2/3/2023,5:00 PM,02/03/23 17:00,862,24,,
8B,2/3/2023,5:00 PM,02/03/23 17:00,900,24,,
8C,2/3/2023,5:00 PM,02/03/23 17:00,705,24,,
9A,2/3/2023,5:00 PM,02/03/23 17:00,982,24,,
9B,2/3/2023,5:00 PM,02/03/23 17:00,919,24,,
9C,2/3/2023,5:00 PM,02/03/23 17:00,1031,24,,
CO2 FREE,2/3/2023,5:00 PM,02/03/23 17:00,54,24,,
2008,2/3/2023,5:00 PM,02/03/23 17:00,1125,24,,
2%,2/3/2023,5:00 PM,02/03/23 17:00,15960,24,,
CO2 FREE,2/5/2023,10:30 AM,02/05/23 10:30,23,24,,96
2008,2/5/2023,10:30 AM,02/05/23 10:30,898,24,,
2%,2/5/2023,10:30 AM,02/05/23 10:30,15650,24,,
1A,2/5/2023,10:30 AM,02/05/23 10:30,2972,24,,
1B,2/5/2023,10:30 AM,02/05/23 10:30,2939,24,,
1C,2/5/2023,10:30 AM,02/05/23 10:30,3021,24,,
2A,2/5/2023,10:30 AM,02/05/23 10:30,2652,24,,
2B,2/5/2023,10:30 AM,02/05/23 10:30,2771,24,,
2C,2/5/2023,10:30 AM,02/05/23 10:30,2793,24,,
3A,2/5/2023,10:30 AM,02/05/23 10:30,3591,24,,
3B,2/5/2023,10:30 AM,02/05/23 10:30,3915,24,,
3C,2/5/2023,10:30 AM,02/05/23 10:30,3787,24,,
4A,2/5/2023,10:30 AM,02/05/23 10:30,3417,24,,
4B,2/5/2023,10:30 AM,02/05/23 10:30,3343,24,,
4C,2/5/2023,10:30 AM,02/05/23 10:30,3770,24,,
5A,2/5/2023,10:30 AM,02/05/23 10:30,7982,24,,
5B,2/5/2023,10:30 AM,02/05/23 10:30,7262,24,,
5C,2/5/2023,10:30 AM,02/05/23 10:30,7056,24,,
6A,2/5/2023,10:30 AM,02/05/23 10:30,2742,24,,
6B,2/5/2023,10:30 AM,02/05/23 10:30,2675,24,,
6C,2/5/2023,10:30 AM,02/05/23 10:30,2742,24,,
7A,2/5/2023,10:30 AM,02/05/23 10:30,3180,24,,
7B,2/5/2023,10:30 AM,02/05/23 10:30,2896,24,,
7C,2/5/2023,11:00 AM,02/05/23 11:00,3087,24,,
8A,2/5/2023,11:00 AM,02/05/23 11:00,6455,24,,
8B,2/5/2023,11:00 AM,02/05/23 11:00,6252,24,,
8C,2/5/2023,11:00 AM,02/05/23 11:00,5515,24,,
9A,2/5/2023,11:00 AM,02/05/23 11:00,10267,24,,
9B,2/5/2023,11:00 AM,02/05/23 11:00,9884,24,,
9C,2/5/2023,11:00 AM,02/05/23 11:00,10012,24,,
CO2 FREE,2/5/2023,11:00 AM,02/05/23 11:00,47,24,,
2008,2/5/2023,11:00 AM,02/05/23 11:00,906,24,,
2%,2/5/2023,11:00 AM,02/05/23 11:00,15664,24,,
CO2 FREE,2/8/2023,5:10 PM,02/08/23 17:10,46,25,,99
2008,2/8/2023,5:10 PM,02/08/23 17:10,1915,25,,
2%,2/8/2023,5:10 PM,02/08/23 17:10,14966,25,,
1A,2/8/2023,5:10 PM,02/08/23 17:10,564,25,,
1B,2/8/2023,5:10 PM,02/08/23 17:10,566,25,,
1C,2/8/2023,5:10 PM,02/08/23 17:10,548,25,,
2A,2/8/2023,5:10 PM,02/08/23 17:10,541,25,,
2B,2/8/2023,5:10 PM,02/08/23 17:10,548,25,,
2C,2/8/2023,5:10 PM,02/08/23 17:10,593,25,,
3A,2/8/2023,5:10 PM,02/08/23 17:10,559,25,,
3B,2/8/2023,5:10 PM,02/08/23 17:10,592,25,,
3C,2/8/2023,5:10 PM,02/08/23 17:10,579,25,,
4A,2/8/2023,5:10 PM,02/08/23 17:10,542,25,,
4B,2/8/2023,5:10 PM,02/08/23 17:10,654,25,,
4C,2/8/2023,5:10 PM,02/08/23 17:10,822,25,,
5A,2/8/2023,5:10 PM,02/08/23 17:10,727,25,,
5B,2/8/2023,5:10 PM,02/08/23 17:10,810,25,,
5C,2/8/2023,5:10 PM,02/08/23 17:10,769,25,,
6A,2/8/2023,5:10 PM,02/08/23 17:10,682,25,,
6B,2/8/2023,5:10 PM,02/08/23 17:10,524,25,,
6C,2/8/2023,5:10 PM,02/08/23 17:10,533,25,,
7A,2/8/2023,5:10 PM,02/08/23 17:10,624,25,,
7B,2/8/2023,5:10 PM,02/08/23 17:10,621,25,,
7C,2/8/2023,5:40 PM,02/08/23 17:40,703,25,,
8A,2/8/2023,5:40 PM,02/08/23 17:40,882,25,,
8B,2/8/2023,5:40 PM,02/08/23 17:40,889,25,,
8C,2/8/2023,5:40 PM,02/08/23 17:40,748,25,,
9A,2/8/2023,5:40 PM,02/08/23 17:40,991,25,,
9B,2/8/2023,5:40 PM,02/08/23 17:40,892,25,,
9C,2/8/2023,5:40 PM,02/08/23 17:40,949,25,,
CO2 FREE,2/8/2023,5:40 PM,02/08/23 17:40,18,25,,
2008,2/8/2023,5:40 PM,02/08/23 17:40,1845,25,,
2%,2/8/2023,5:40 PM,02/08/23 17:40,15108,25,,
CO2 FREE,2/9/2023,8:00 AM,02/09/23 08:00,76,25,,100
2008,2/9/2023,8:00 AM,02/09/23 08:00,1639,25,,
2%,2/9/2023,8:00 AM,02/09/23 08:00,14970,25,,
1A,2/9/2023,8:00 AM,02/09/23 08:00,1402,25,,
1B,2/9/2023,8:00 AM,02/09/23 08:00,1359,25,,
1C,2/9/2023,8:00 AM,02/09/23 08:00,1391,25,,
2A,2/9/2023,8:00 AM,02/09/23 08:00,1243,25,,
2B,2/9/2023,8:00 AM,02/09/23 08:00,1325,25,,
2C,2/9/2023,8:00 AM,02/09/23 08:00,1349,25,,
3A,2/9/2023,8:00 AM,02/09/23 08:00,1635,25,,
3B,2/9/2023,8:00 AM,02/09/23 08:00,1665,25,,
3C,2/9/2023,8:00 AM,02/09/23 08:00,1658,25,,
4A,2/9/2023,8:00 AM,02/09/23 08:00,1574,25,,
4B,2/9/2023,8:00 AM,02/09/23 08:00,1717,25,,
4C,2/9/2023,8:00 AM,02/09/23 08:00,1903,25,,
5A,2/9/2023,8:00 AM,02/09/23 08:00,3427,25,,
5B,2/9/2023,8:00 AM,02/09/23 08:00,3303,25,,
5C,2/9/2023,8:00 AM,02/09/23 08:00,3287,25,,
6A,2/9/2023,8:00 AM,02/09/23 08:00,1445,25,,
6B,2/9/2023,8:00 AM,02/09/23 08:00,1256,25,,
6C,2/9/2023,8:00 AM,02/09/23 08:00,1281,25,,
7A,2/9/2023,8:00 AM,02/09/23 08:00,1587,25,,
7B,2/9/2023,8:00 AM,02/09/23 08:00,1454,25,,
7C,2/9/2023,8:30 AM,02/09/23 08:30,1556,25,,
8A,2/9/2023,8:30 AM,02/09/23 08:30,2737,25,,
8B,2/9/2023,8:30 AM,02/09/23 08:30,2704,25,,
8C,2/9/2023,8:30 AM,02/09/23 08:30,2364,25,,
9A,2/9/2023,8:30 AM,02/09/23 08:30,4139,25,,
9B,2/9/2023,8:30 AM,02/09/23 08:30,3956,25,,
9C,2/9/2023,8:30 AM,02/09/23 08:30,3979,25,,
CO2 FREE,2/9/2023,8:30 AM,02/09/23 08:30,85,25,,
2008,2/9/2023,8:30 AM,02/09/23 08:30,1641,25,,
2%,2/9/2023,8:30 AM,02/09/23 08:30,15010,25,,
CO2 FREE,2/22/2023,1:20 PM,02/22/23 13:20,51,26,,113
2008,2/22/2023,1:20 PM,02/22/23 13:20,1742,26,,
2%,2/22/2023,1:20 PM,02/22/23 13:20,16277,26,,
1A,2/22/2023,1:20 PM,02/22/23 13:20,904,26,,
1B,2/22/2023,1:20 PM,02/22/23 13:20,702,26,,
1C,2/22/2023,1:20 PM,02/22/23 13:20,661,26,,
2A,2/22/2023,1:20 PM,02/22/23 13:20,717,26,,
2B,2/22/2023,1:20 PM,02/22/23 13:20,559,26,,
2C,2/22/2023,1:20 PM,02/22/23 13:20,560,26,,
3A,2/22/2023,1:20 PM,02/22/23 13:20,563,26,,
3B,2/22/2023,1:20 PM,02/22/23 13:20,576,26,,
3C,2/22/2023,1:20 PM,02/22/23 13:20,754,26,,
4A,2/22/2023,1:20 PM,02/22/23 13:20,655,26,,
4B,2/22/2023,1:20 PM,02/22/23 13:20,629,26,,
4C,2/22/2023,1:20 PM,02/22/23 13:20,577,26,,
5A,2/22/2023,1:20 PM,02/22/23 13:20,760,26,,
5B,2/22/2023,1:20 PM,02/22/23 13:20,750,26,,
5C,2/22/2023,1:20 PM,02/22/23 13:20,734,26,,
6A,2/22/2023,1:20 PM,02/22/23 13:20,566,26,,
6B,2/22/2023,1:20 PM,02/22/23 13:20,567,26,,
6C,2/22/2023,1:20 PM,02/22/23 13:20,543,26,,
7A,2/22/2023,1:20 PM,02/22/23 13:20,561,26,,
7B,2/22/2023,1:20 PM,02/22/23 13:20,544,26,,
7C,2/22/2023,1:30 PM,02/22/23 13:30,589,26,,
8A,2/22/2023,1:30 PM,02/22/23 13:30,707,26,,
8B,2/22/2023,1:30 PM,02/22/23 13:30,829,26,,
8C,2/22/2023,1:30 PM,02/22/23 13:30,713,26,,
9A,2/22/2023,1:30 PM,02/22/23 13:30,875,26,,
9B,2/22/2023,1:30 PM,02/22/23 13:30,1255,26,,
9C,2/22/2023,1:30 PM,02/22/23 13:30,952,26,,
CO2 FREE,2/22/2023,1:30 PM,02/22/23 13:30,16,26,,
2008,2/22/2023,1:30 PM,02/22/23 13:30,1641,26,,
2%,2/22/2023,1:30 PM,02/22/23 13:30,16232,26,,
CO2 FREE,2/23/2023,8:00 AM,02/23/23 08:00,141,26,,114
2008,2/23/2023,8:00 AM,02/23/23 08:00,1312,26,,
2%,2/23/2023,8:00 AM,02/23/23 08:00,15653,26,,
1A,2/23/2023,8:00 AM,02/23/23 08:00,1920,26,,
1B,2/23/2023,8:00 AM,02/23/23 08:00,1652,26,,
1C,2/23/2023,8:00 AM,02/23/23 08:00,1671,26,,
2A,2/23/2023,8:00 AM,02/23/23 08:00,1436,26,,
2B,2/23/2023,8:00 AM,02/23/23 08:00,1426,26,,
2C,2/23/2023,8:00 AM,02/23/23 08:00,1351,26,,
3A,2/23/2023,8:00 AM,02/23/23 08:00,1641,26,,
3B,2/23/2023,8:00 AM,02/23/23 08:00,1608,26,,
3C,2/23/2023,8:00 AM,02/23/23 08:00,2056,26,,
4A,2/23/2023,8:00 AM,02/23/23 08:00,2065,26,,
4B,2/23/2023,8:00 AM,02/23/23 08:00,2102,26,,
4C,2/23/2023,8:00 AM,02/23/23 08:00,2117,26,,
5A,2/23/2023,8:00 AM,02/23/23 08:00,4134,26,,
5B,2/23/2023,8:00 AM,02/23/23 08:00,3784,26,,
5C,2/23/2023,8:00 AM,02/23/23 08:00,3845,26,,
6A,2/23/2023,8:00 AM,02/23/23 08:00,1530,26,,
6B,2/23/2023,8:00 AM,02/23/23 08:00,1465,26,,
6C,2/23/2023,8:00 AM,02/23/23 08:00,1447,26,,
7A,2/23/2023,8:00 AM,02/23/23 08:00,1852,26,,
7B,2/23/2023,8:00 AM,02/23/23 08:00,1664,26,,
7C,2/23/2023,8:30 AM,02/23/23 08:30,1768,26,,
8A,2/23/2023,8:30 AM,02/23/23 08:30,2904,26,,
8B,2/23/2023,8:30 AM,02/23/23 08:30,2962,26,,
8C,2/23/2023,8:30 AM,02/23/23 08:30,2649,26,,
9A,2/23/2023,8:30 AM,02/23/23 08:30,4544,26,,
9B,2/23/2023,8:30 AM,02/23/23 08:30,4751,26,,
9C,2/23/2023,8:30 AM,02/23/23 08:30,4494,26,,
CO2 FREE,2/23/2023,8:30 AM,02/23/23 08:30,150,26,,
2008,2/23/2023,8:30 AM,02/23/23 08:30,1264,26,,
2%,2/23/2023,8:30 AM,02/23/23 08:30,15719,26,,
CO2 FREE,3/1/2023,12:00 PM,03/01/23 12:00,56,27,,120
2008,3/1/2023,12:00 PM,03/01/23 12:00,1868,27,,
2%,3/1/2023,12:00 PM,03/01/23 12:00,14183,27,,
1A,3/1/2023,12:00 PM,03/01/23 12:00,618,27,,
1B,3/1/2023,12:00 PM,03/01/23 12:00,696,27,,
1C,3/1/2023,12:00 PM,03/01/23 12:00,585,27,,
2A,3/1/2023,12:00 PM,03/01/23 12:00,573,27,,
2B,3/1/2023,12:00 PM,03/01/23 12:00,652,27,,
2C,3/1/2023,12:00 PM,03/01/23 12:00,634,27,,
3A,3/1/2023,12:00 PM,03/01/23 12:00,628,27,,
3B,3/1/2023,12:00 PM,03/01/23 12:00,601,27,,
3C,3/1/2023,12:00 PM,03/01/23 12:00,521,27,,
4A,3/1/2023,12:00 PM,03/01/23 12:00,525,27,,
4B,3/1/2023,12:00 PM,03/01/23 12:00,508,27,,
4C,3/1/2023,12:00 PM,03/01/23 12:00,557,27,,
5A,3/1/2023,12:00 PM,03/01/23 12:00,606,27,,
5B,3/1/2023,12:00 PM,03/01/23 12:00,578,27,,
5C,3/1/2023,12:00 PM,03/01/23 12:00,581,27,,
6A,3/1/2023,12:00 PM,03/01/23 12:00,530,27,,
6B,3/1/2023,12:00 PM,03/01/23 12:00,495,27,,
6C,3/1/2023,12:00 PM,03/01/23 12:00,486,27,,
7A,3/1/2023,12:00 PM,03/01/23 12:00,526,27,,
7B,3/1/2023,12:00 PM,03/01/23 12:00,533,27,,
7C,3/1/2023,12:30 PM,03/01/23 12:30,671,27,,
8A,3/1/2023,12:30 PM,03/01/23 12:30,762,27,,
8B,3/1/2023,12:30 PM,03/01/23 12:30,796,27,,
8C,3/1/2023,12:30 PM,03/01/23 12:30,718,27,,
9A,3/1/2023,12:30 PM,03/01/23 12:30,860,27,,
9B,3/1/2023,12:30 PM,03/01/23 12:30,848,27,,
9C,3/1/2023,12:30 PM,03/01/23 12:30,851,27,,
CO2 FREE,3/1/2023,12:30 PM,03/01/23 12:30,23,27,,
2008,3/1/2023,12:30 PM,03/01/23 12:30,1731,27,,
2%,3/1/2023,12:30 PM,03/01/23 12:30,13789,27,,
CO2 FREE,3/2/2023,1:00 PM,03/02/23 13:00,120,27,,121
2008,3/2/2023,1:00 PM,03/02/23 13:00,1394,27,,
2%,3/2/2023,1:00 PM,03/02/23 13:00,17360,27,,
1A,3/2/2023,1:00 PM,03/02/23 13:00,1724,27,,
1B,3/2/2023,1:00 PM,03/02/23 13:00,1835,27,,
1C,3/2/2023,1:00 PM,03/02/23 13:00,1882,27,,
2A,3/2/2023,1:00 PM,03/02/23 13:00,1672,27,,
2B,3/2/2023,1:00 PM,03/02/23 13:00,1769,27,,
2C,3/2/2023,1:00 PM,03/02/23 13:00,1705,27,,
3A,3/2/2023,1:00 PM,03/02/23 13:00,2000,27,,
3B,3/2/2023,1:00 PM,03/02/23 13:00,2100,27,,
3C,3/2/2023,1:00 PM,03/02/23 13:00,1981,27,,
4A,3/2/2023,1:00 PM,03/02/23 13:00,2195,27,,
4B,3/2/2023,1:00 PM,03/02/23 13:00,2336,27,,
4C,3/2/2023,1:00 PM,03/02/23 13:00,2533,27,,
5A,3/2/2023,1:00 PM,03/02/23 13:00,4586,27,,
5B,3/2/2023,1:00 PM,03/02/23 13:00,4181,27,,
5C,3/2/2023,1:00 PM,03/02/23 13:00,4354,27,,
6A,3/2/2023,1:00 PM,03/02/23 13:00,1763,27,,
6B,3/2/2023,1:00 PM,03/02/23 13:00,1586,27,,
6C,3/2/2023,1:00 PM,03/02/23 13:00,1598,27,,
7A,3/2/2023,1:00 PM,03/02/23 13:00,2142,27,,
7B,3/2/2023,1:00 PM,03/02/23 13:00,1954,27,,
7C,3/2/2023,1:30 PM,03/02/23 13:30,2207,27,,
8A,3/2/2023,1:30 PM,03/02/23 13:30,3543,27,,
8B,3/2/2023,1:30 PM,03/02/23 13:30,3537,27,,
8C,3/2/2023,1:30 PM,03/02/23 13:30,3085,27,,
9A,3/2/2023,1:30 PM,03/02/23 13:30,5389,27,,
9B,3/2/2023,1:30 PM,03/02/23 13:30,5214,27,,
9C,3/2/2023,1:30 PM,03/02/23 13:30,5289,27,,
CO2 FREE,3/2/2023,1:30 PM,03/02/23 13:30,134,27,,
2008,3/2/2023,1:30 PM,03/02/23 13:30,1397,27,,
2%,3/2/2023,1:30 PM,03/02/23 13:30,6259,27,,
CO2 FREE,3/8/2023,11:30 AM,03/08/23 11:30,46,28,,127
2008,3/8/2023,11:30 AM,03/08/23 11:30,1833,28,,
2%,3/8/2023,11:30 AM,03/08/23 11:30,16343,28,,
1A,3/8/2023,11:30 AM,03/08/23 11:30,701,28,,
1B,3/8/2023,11:30 AM,03/08/23 11:30,559,28,,
1C,3/8/2023,11:30 AM,03/08/23 11:30,574,28,,
2A,3/8/2023,11:30 AM,03/08/23 11:30,628,28,,
2B,3/8/2023,11:30 AM,03/08/23 11:30,612,28,,
2C,3/8/2023,11:30 AM,03/08/23 11:30,518,28,,
3A,3/8/2023,11:30 AM,03/08/23 11:30,521,28,,
3B,3/8/2023,11:30 AM,03/08/23 11:30,650,28,,
3C,3/8/2023,11:30 AM,03/08/23 11:30,626,28,,
4A,3/8/2023,11:30 AM,03/08/23 11:30,601,28,,
4B,3/8/2023,11:30 AM,03/08/23 11:30,596,28,,
4C,3/8/2023,11:30 AM,03/08/23 11:30,798,28,,
5A,3/8/2023,11:30 AM,03/08/23 11:30,633,28,,
5B,3/8/2023,11:30 AM,03/08/23 11:30,678,28,,
5C,3/8/2023,11:30 AM,03/08/23 11:30,762,28,,
6A,3/8/2023,11:30 AM,03/08/23 11:30,648,28,,
6B,3/8/2023,11:30 AM,03/08/23 11:30,598,28,,
6C,3/8/2023,11:30 AM,03/08/23 11:30,655,28,,
7A,3/8/2023,11:30 AM,03/08/23 11:30,674,28,,
7B,3/8/2023,11:30 AM,03/08/23 11:30,614,28,,
7C,3/8/2023,12:00 PM,03/08/23 12:00,694,28,,
8A,3/8/2023,12:00 PM,03/08/23 12:00,766,28,,
8B,3/8/2023,12:00 PM,03/08/23 12:00,706,28,,
8C,3/8/2023,12:00 PM,03/08/23 12:00,818,28,,
9A,3/8/2023,12:00 PM,03/08/23 12:00,931,28,,
9B,3/8/2023,12:00 PM,03/08/23 12:00,1150,28,,
9C,3/8/2023,12:00 PM,03/08/23 12:00,836,28,,
CO2 FREE,3/8/2023,12:00 PM,03/08/23 12:00,56,28,,
2008,3/8/2023,12:00 PM,03/08/23 12:00,1838,28,,
2%,3/8/2023,12:00 PM,03/08/23 12:00,16273,28,,
CO2 FREE,3/9/2023,1:30 PM,03/09/23 13:30,149,28,,128
2008,3/9/2023,1:30 PM,03/09/23 13:30,1381,28,,
2%,3/9/2023,1:30 PM,03/09/23 13:30,15198,28,,
1A,3/9/2023,1:30 PM,03/09/23 13:30,1851,28,,
1B,3/9/2023,1:30 PM,03/09/23 13:30,1763,28,,
1C,3/9/2023,1:30 PM,03/09/23 13:30,1982,28,,
2A,3/9/2023,1:30 PM,03/09/23 13:30,1675,28,,
2B,3/9/2023,1:30 PM,03/09/23 13:30,1784,28,,
2C,3/9/2023,1:30 PM,03/09/23 13:30,1676,28,,
3A,3/9/2023,1:30 PM,03/09/23 13:30,1893,28,,
3B,3/9/2023,1:30 PM,03/09/23 13:30,2085,28,,
3C,3/9/2023,1:30 PM,03/09/23 13:30,2027,28,,
4A,3/9/2023,1:30 PM,03/09/23 13:30,2307,28,,
4B,3/9/2023,1:30 PM,03/09/23 13:30,2435,28,,
4C,3/9/2023,1:30 PM,03/09/23 13:30,2805,28,,
5A,3/9/2023,1:30 PM,03/09/23 13:30,4621,28,,
5B,3/9/2023,1:30 PM,03/09/23 13:30,4226,28,,
5C,3/9/2023,1:30 PM,03/09/23 13:30,4485,28,,
6A,3/9/2023,1:30 PM,03/09/23 13:30,1829,28,,
6B,3/9/2023,1:30 PM,03/09/23 13:30,1702,28,,
6C,3/9/2023,1:30 PM,03/09/23 13:30,1736,28,,
7A,3/9/2023,1:30 PM,03/09/23 13:30,2354,28,,
7B,3/9/2023,1:30 PM,03/09/23 13:30,2048,28,,
7C,3/9/2023,2:00 PM,03/09/23 14:00,2303,28,,
8A,3/9/2023,2:00 PM,03/09/23 14:00,3464,28,,
8B,3/9/2023,2:00 PM,03/09/23 14:00,3416,28,,
8C,3/9/2023,2:00 PM,03/09/23 14:00,2314,28,,
9A,3/9/2023,2:00 PM,03/09/23 14:00,5557,28,,
9B,3/9/2023,2:00 PM,03/09/23 14:00,5587,28,,
9C,3/9/2023,2:00 PM,03/09/23 14:00,5363,28,,
CO2 FREE,3/9/2023,2:00 PM,03/09/23 14:00,163,28,,
2008,3/9/2023,2:00 PM,03/09/23 14:00,1364,28,,
2%,3/9/2023,2:00 PM,03/09/23 14:00,15198,28,,
CO2 FREE,3/15/2023,11:45 AM,03/15/23 11:45,73,29,,134
2008,3/15/2023,11:45 AM,03/15/23 11:45,1885,29,,
2%,3/15/2023,11:45 AM,03/15/23 11:45,16334,29,,
1A,3/15/2023,11:45 AM,03/15/23 11:45,572,29,,
1B,3/15/2023,11:45 AM,03/15/23 11:45,569,29,,
1C,3/15/2023,11:45 AM,03/15/23 11:45,552,29,,
2A,3/15/2023,11:45 AM,03/15/23 11:45,561,29,,
2B,3/15/2023,11:45 AM,03/15/23 11:45,537,29,,
2C,3/15/2023,11:45 AM,03/15/23 11:45,530,29,,
3A,3/15/2023,11:45 AM,03/15/23 11:45,547,29,,
3B,3/15/2023,11:45 AM,03/15/23 11:45,701,29,,
3C,3/15/2023,11:45 AM,03/15/23 11:45,559,29,,
4A,3/15/2023,11:45 AM,03/15/23 11:45,573,29,,
4B,3/15/2023,11:45 AM,03/15/23 11:45,570,29,,
4C,3/15/2023,11:45 AM,03/15/23 11:45,591,29,,
5A,3/15/2023,11:45 AM,03/15/23 11:45,676,29,,
5B,3/15/2023,11:45 AM,03/15/23 11:45,701,29,,
5C,3/15/2023,11:45 AM,03/15/23 11:45,713,29,,
6A,3/15/2023,11:45 AM,03/15/23 11:45,564,29,,
6B,3/15/2023,11:45 AM,03/15/23 11:45,648,29,,
6C,3/15/2023,11:45 AM,03/15/23 11:45,558,29,,
7A,3/15/2023,11:45 AM,03/15/23 11:45,777,29,,
7B,3/15/2023,11:45 AM,03/15/23 11:45,614,29,,
7C,3/15/2023,12:00 PM,03/15/23 12:00,612,29,,
8A,3/15/2023,12:00 PM,03/15/23 12:00,694,29,,
8B,3/15/2023,12:00 PM,03/15/23 12:00,722,29,,
8C,3/15/2023,12:00 PM,03/15/23 12:00,856,29,,
9A,3/15/2023,12:00 PM,03/15/23 12:00,959,29,,
9B,3/15/2023,12:00 PM,03/15/23 12:00,945,29,,
9C,3/15/2023,12:00 PM,03/15/23 12:00,1047,29,,
CO2 FREE,3/15/2023,12:00 PM,03/15/23 12:00,69,29,,
2008,3/15/2023,12:00 PM,03/15/23 12:00,1831,29,,
2%,3/15/2023,12:00 PM,03/15/23 12:00,16254,29,,
CO2 FREE,3/16/2023,4:20 PM,03/16/23 16:20,212,29,,135
2008,3/16/2023,4:20 PM,03/16/23 16:20,1154,29,,
2%,3/16/2023,4:20 PM,03/16/23 16:20,14340,29,,
1A,3/16/2023,4:20 PM,03/16/23 16:20,1874,29,,
1B,3/16/2023,4:20 PM,03/16/23 16:20,1878,29,,
1C,3/16/2023,4:20 PM,03/16/23 16:20,2053,29,,
2A,3/16/2023,4:20 PM,03/16/23 16:20,1646,29,,
2B,3/16/2023,4:20 PM,03/16/23 16:20,1819,29,,
2C,3/16/2023,4:20 PM,03/16/23 16:20,1793,29,,
3A,3/16/2023,4:20 PM,03/16/23 16:20,2032,29,,
3B,3/16/2023,4:20 PM,03/16/23 16:20,2177,29,,
3C,3/16/2023,4:20 PM,03/16/23 16:20,1934,29,,
4A,3/16/2023,4:20 PM,03/16/23 16:20,2319,29,,
4B,3/16/2023,4:20 PM,03/16/23 16:20,2476,29,,
4C,3/16/2023,4:20 PM,03/16/23 16:20,2738,29,,
5A,3/16/2023,4:20 PM,03/16/23 16:20,4599,29,,
5B,3/16/2023,4:20 PM,03/16/23 16:20,4314,29,,
5C,3/16/2023,4:20 PM,03/16/23 16:20,4427,29,,
6A,3/16/2023,4:20 PM,03/16/23 16:20,1834,29,,
6B,3/16/2023,4:20 PM,03/16/23 16:20,1779,29,,
6C,3/16/2023,4:20 PM,03/16/23 16:20,1704,29,,
7A,3/16/2023,4:20 PM,03/16/23 16:20,2514,29,,
7B,3/16/2023,4:20 PM,03/16/23 16:20,2121,29,,
7C,3/16/2023,4:30 PM,03/16/23 16:30,2372,29,,
8A,3/16/2023,4:30 PM,03/16/23 16:30,3720,29,,
8B,3/16/2023,4:30 PM,03/16/23 16:30,3726,29,,
8C,3/16/2023,4:30 PM,03/16/23 16:30,3379,29,,
9A,3/16/2023,4:30 PM,03/16/23 16:30,6117,29,,
9B,3/16/2023,4:30 PM,03/16/23 16:30,5876,29,,
9C,3/16/2023,4:30 PM,03/16/23 16:30,6054,29,,
CO2 FREE,3/16/2023,4:30 PM,03/16/23 16:30,263,29,,
2008,3/16/2023,4:30 PM,03/16/23 16:30,1244,29,,
2%,3/16/2023,4:30 PM,03/16/23 16:30,14288,29,,
CO2 FREE,,,12/30/99 00:00,,,,-44866
200800%,,,12/30/99 00:00,,,,
2%,,,12/30/99 00:00,,,,
1A,,,12/30/99 00:00,,,,
1B,,,12/30/99 00:00,,,,
1C,,,12/30/99 00:00,,,,
2A,,,12/30/99 00:00,,,,
2B,,,12/30/99 00:00,,,,
2C,,,12/30/99 00:00,,,,
3A,,,12/30/99 00:00,,,,
3B,,,12/30/99 00:00,,,,
3C,,,12/30/99 00:00,,,,
4A,,,12/30/99 00:00,,,,
4B,,,12/30/99 00:00,,,,
4C,,,12/30/99 00:00,,,,
5A,,,12/30/99 00:00,,,,
5B,,,12/30/99 00:00,,,,
5C,,,12/30/99 00:00,,,,
6A,,,12/30/99 00:00,,,,
6B,,,12/30/99 00:00,,,,
6C,,,12/30/99 00:00,,,,
7A,,,12/30/99 00:00,,,,
7B,,,12/30/99 00:00,,,,
7C,,,12/30/99 00:00,,,,
8A,,,12/30/99 00:00,,,,
8B,,,12/30/99 00:00,,,,
8C,,,12/30/99 00:00,,,,
9A,,,12/30/99 00:00,,,,
9B,,,12/30/99 00:00,,,,
9C,,,12/30/99 00:00,,,,
CO2 FREE,,,12/30/99 00:00,,,,
200800%,,,12/30/99 00:00,,,,
2%,,,12/30/99 00:00,,,,